id,question,OptionA,OptionB,OptionC,OptionD,OptionE,Correct Answer,Explanation
1,Find the two words that do not belong to the group.,stool,bicycle,table,desk,bus,BE,"stool, desk, table are all related to 'Furniture'. bicycle, bus do not belong to this group (they are 'Vehicles (Land)')."
2,Find the two words that do not belong to the group.,Venus,chisel,pliers,asteroid,sun,BC,"asteroid, sun, Venus are all related to 'Planets/Space'. chisel, pliers do not belong to this group (they are 'Tools')."
3,Find the two words that do not belong to the group.,hail,fly,snow,moth,rain,BD,"rain, hail, snow are all related to 'Weather'. moth, fly do not belong to this group (they are 'Insects')."
4,Find the two words that do not belong to the group.,Leeds,garnet,emerald,Cardiff,ruby,AD,"garnet, emerald, ruby are all related to 'Gemstones'. Cardiff, Leeds do not belong to this group (they are 'Cities (UK)')."
5,Find the two words that do not belong to the group.,rose,sunflower,miniature,big,huge,AB,"huge, miniature, big are all related to 'Adjectives (Size)'. sunflower, rose do not belong to this group (they are 'Flowers')."
6,Find the two words that do not belong to the group.,white,diamond,purple,pearl,garnet,AC,"diamond, garnet, pearl are all related to 'Gemstones'. purple, white do not belong to this group (they are 'Colours')."
7,Find the two words that do not belong to the group.,dog,rocket,horse,blimp,bear,BD,"dog, bear, horse are all related to 'Mammals'. rocket, blimp do not belong to this group (they are 'Vehicles (Air)')."
8,Find the two words that do not belong to the group.,drone,saucer,glider,mug,plate,AC,"plate, saucer, mug are all related to 'Cutlery/Crockery'. drone, glider do not belong to this group (they are 'Vehicles (Air)')."
9,Find the two words that do not belong to the group.,trainer,heel,Italy,Canada,India,AB,"Canada, Italy, India are all related to 'Countries'. trainer, heel do not belong to this group (they are 'Clothing (Footwear)')."
10,Find the two words that do not belong to the group.,speedy,calm,swift,quick,happy,BE,"swift, speedy, quick are all related to 'Adjectives (Speed)'. happy, calm do not belong to this group (they are 'Adjectives (Emotion)')."
11,Find the two words that do not belong to the group.,shop,orange,factory,yellow,hospital,BD,"hospital, shop, factory are all related to 'Buildings'. orange, yellow do not belong to this group (they are 'Colours')."
12,Find the two words that do not belong to the group.,diamond,sapphire,tuna,emerald,whale,CE,"emerald, sapphire, diamond are all related to 'Gemstones'. tuna, whale do not belong to this group (they are 'Fish/Sea Life')."
13,Find the two words that do not belong to the group.,London,ant,spider,Glasgow,butterfly,AD,"ant, spider, butterfly are all related to 'Insects'. Glasgow, London do not belong to this group (they are 'Cities (UK)')."
14,Find the two words that do not belong to the group.,helmet,monkey,wolf,beret,hood,BC,"hood, beret, helmet are all related to 'Clothing (Head)'. monkey, wolf do not belong to this group (they are 'Mammals')."
15,Find the two words that do not belong to the group.,glue,speedy,hasty,fast,paper,AE,"hasty, speedy, fast are all related to 'Adjectives (Speed)'. paper, glue do not belong to this group (they are 'Stationery')."
16,Find the two words that do not belong to the group.,white,red,blue,rain,mist,DE,"blue, red, white are all related to 'Colours'. rain, mist do not belong to this group (they are 'Weather')."
17,Find the two words that do not belong to the group.,Jupiter,star,tram,car,truck,AB,"tram, truck, car are all related to 'Vehicles (Land)'. Jupiter, star do not belong to this group (they are 'Planets/Space')."
18,Find the two words that do not belong to the group.,canoe,iron,tin,ship,silver,AD,"tin, iron, silver are all related to 'Metals'. canoe, ship do not belong to this group (they are 'Vehicles (Water)')."
19,Find the two words that do not belong to the group.,big,huge,giant,lobster,goldfish,DE,"big, huge, giant are all related to 'Adjectives (Size)'. lobster, goldfish do not belong to this group (they are 'Fish/Sea Life')."
20,Find the two words that do not belong to the group.,Spain,topaz,Canada,sapphire,opal,AC,"topaz, sapphire, opal are all related to 'Gemstones'. Canada, Spain do not belong to this group (they are 'Countries')."
21,Find the two words that do not belong to the group.,penguin,flamingo,hawk,mutter,chat,DE,"hawk, flamingo, penguin are all related to 'Birds'. chat, mutter do not belong to this group (they are 'Verbs (Talking)')."
22,Find the two words that do not belong to the group.,golf,birch,football,cedar,beech,AC,"cedar, birch, beech are all related to 'Trees'. football, golf do not belong to this group (they are 'Sports')."
23,Find the two words that do not belong to the group.,wardrobe,whale,stool,shark,desk,BD,"desk, stool, wardrobe are all related to 'Furniture'. whale, shark do not belong to this group (they are 'Fish/Sea Life')."
24,Find the two words that do not belong to the group.,pigeon,kiwi,penguin,mango,flamingo,BD,"pigeon, penguin, flamingo are all related to 'Birds'. mango, kiwi do not belong to this group (they are 'Fruits')."
25,Find the two words that do not belong to the group.,cube,pyramid,asteroid,moon,Jupiter,AB,"Jupiter, moon, asteroid are all related to 'Planets/Space'. cube, pyramid do not belong to this group (they are 'Shapes (3D)')."
26,Find the two words that do not belong to the group.,golf,desk,table,basketball,cupboard,AD,"table, cupboard, desk are all related to 'Furniture'. golf, basketball do not belong to this group (they are 'Sports')."
27,Find the two words that do not belong to the group.,iguana,chair,cupboard,chameleon,desk,AD,"desk, chair, cupboard are all related to 'Furniture'. chameleon, iguana do not belong to this group (they are 'Reptiles/Amphibians')."
28,Find the two words that do not belong to the group.,diamond,ruby,table,wardrobe,opal,CD,"diamond, ruby, opal are all related to 'Gemstones'. wardrobe, table do not belong to this group (they are 'Furniture')."
29,Find the two words that do not belong to the group.,Edinburgh,tuba,clarinet,London,trumpet,AD,"tuba, trumpet, clarinet are all related to 'Musical Instruments (Wind)'. London, Edinburgh do not belong to this group (they are 'Cities (UK)')."
30,Find the two words that do not belong to the group.,hood,tiger,bear,wolf,cap,AE,"tiger, wolf, bear are all related to 'Mammals'. hood, cap do not belong to this group (they are 'Clothing (Head)')."
31,Find the two words that do not belong to the group.,bench,stool,Glasgow,desk,Bristol,CE,"bench, desk, stool are all related to 'Furniture'. Glasgow, Bristol do not belong to this group (they are 'Cities (UK)')."
32,Find the two words that do not belong to the group.,sluggish,hat,hood,quick,rapid,BC,"rapid, sluggish, quick are all related to 'Adjectives (Speed)'. hat, hood do not belong to this group (they are 'Clothing (Head)')."
33,Find the two words that do not belong to the group.,beret,pantry,bathroom,lounge,turban,AE,"lounge, pantry, bathroom are all related to 'Rooms'. turban, beret do not belong to this group (they are 'Clothing (Head)')."
34,Find the two words that do not belong to the group.,USA,swift,Brazil,Spain,speedy,BE,"Spain, Brazil, USA are all related to 'Countries'. speedy, swift do not belong to this group (they are 'Adjectives (Speed)')."
35,Find the two words that do not belong to the group.,brown,pencil,blue,paper,white,BD,"blue, brown, white are all related to 'Colours'. paper, pencil do not belong to this group (they are 'Stationery')."
36,Find the two words that do not belong to the group.,storm,cello,sitar,thunder,viola,AD,"viola, sitar, cello are all related to 'Musical Instruments (String)'. storm, thunder do not belong to this group (they are 'Weather')."
37,Find the two words that do not belong to the group.,crow,sparrow,pentagon,parrot,rectangle,CE,"parrot, crow, sparrow are all related to 'Birds'. pentagon, rectangle do not belong to this group (they are 'Shapes (2D)')."
38,Find the two words that do not belong to the group.,glider,printer,jet,screen,cable,AC,"screen, printer, cable are all related to 'Computer Parts'. jet, glider do not belong to this group (they are 'Vehicles (Air)')."
39,Find the two words that do not belong to the group.,daffodil,hammer,screwdriver,axe,tulip,AE,"hammer, screwdriver, axe are all related to 'Tools'. tulip, daffodil do not belong to this group (they are 'Flowers')."
40,Find the two words that do not belong to the group.,ukulele,onion,carrot,potato,guitar,AE,"potato, carrot, onion are all related to 'Vegetables'. ukulele, guitar do not belong to this group (they are 'Musical Instruments (String)')."
41,Find the two words that do not belong to the group.,penguin,Amazon,Thames,pigeon,swan,BC,"swan, penguin, pigeon are all related to 'Birds'. Thames, Amazon do not belong to this group (they are 'Rivers')."
42,Find the two words that do not belong to the group.,opal,garnet,steel,bronze,diamond,CD,"garnet, diamond, opal are all related to 'Gemstones'. bronze, steel do not belong to this group (they are 'Metals')."
43,Find the two words that do not belong to the group.,coat,vest,mother,father,grandmother,AB,"father, mother, grandmother are all related to 'Family'. coat, vest do not belong to this group (they are 'Clothing (Torso)')."
44,Find the two words that do not belong to the group.,viola,shoe,harp,trainer,sock,AC,"sock, shoe, trainer are all related to 'Clothing (Footwear)'. harp, viola do not belong to this group (they are 'Musical Instruments (String)')."
45,Find the two words that do not belong to the group.,blue,prism,pink,orange,block,BE,"orange, pink, blue are all related to 'Colours'. prism, block do not belong to this group (they are 'Shapes (3D)')."
46,Find the two words that do not belong to the group.,crab,Liverpool,Birmingham,shark,lobster,BC,"crab, lobster, shark are all related to 'Fish/Sea Life'. Liverpool, Birmingham do not belong to this group (they are 'Cities (UK)')."
47,Find the two words that do not belong to the group.,chair,Rhine,bench,wardrobe,Mississippi,BE,"chair, bench, wardrobe are all related to 'Furniture'. Mississippi, Rhine do not belong to this group (they are 'Rivers')."
48,Find the two words that do not belong to the group.,jumper,submarine,shirt,cardigan,yacht,BE,"cardigan, shirt, jumper are all related to 'Clothing (Torso)'. yacht, submarine do not belong to this group (they are 'Vehicles (Water)')."
49,Find the two words that do not belong to the group.,grandmother,whisper,brother,grandfather,speak,BE,"grandfather, brother, grandmother are all related to 'Family'. speak, whisper do not belong to this group (they are 'Verbs (Talking)')."
50,Find the two words that do not belong to the group.,Japan,cylinder,India,block,Spain,BD,"Japan, India, Spain are all related to 'Countries'. block, cylinder do not belong to this group (they are 'Shapes (3D)')."
51,Find the two words that do not belong to the group.,climb,Mississippi,run,Nile,walk,BD,"run, walk, climb are all related to 'Verbs (Movement)'. Mississippi, Nile do not belong to this group (they are 'Rivers')."
52,Find the two words that do not belong to the group.,wind,talk,mist,fog,speak,BE,"mist, wind, fog are all related to 'Weather'. talk, speak do not belong to this group (they are 'Verbs (Talking)')."
53,Find the two words that do not belong to the group.,jump,asteroid,swim,Earth,star,AC,"Earth, star, asteroid are all related to 'Planets/Space'. swim, jump do not belong to this group (they are 'Verbs (Movement)')."
54,Find the two words that do not belong to the group.,sparrow,aunt,grandfather,grandmother,owl,AE,"aunt, grandfather, grandmother are all related to 'Family'. owl, sparrow do not belong to this group (they are 'Birds')."
55,Find the two words that do not belong to the group.,Spain,parrot,sparrow,crow,Italy,AE,"crow, parrot, sparrow are all related to 'Birds'. Italy, Spain do not belong to this group (they are 'Countries')."
56,Find the two words that do not belong to the group.,barge,swan,pigeon,parrot,submarine,AE,"swan, parrot, pigeon are all related to 'Birds'. submarine, barge do not belong to this group (they are 'Vehicles (Water)')."
57,Find the two words that do not belong to the group.,USA,Italy,France,steamer,submarine,DE,"France, USA, Italy are all related to 'Countries'. steamer, submarine do not belong to this group (they are 'Vehicles (Water)')."
58,Find the two words that do not belong to the group.,helmet,turban,bonnet,shirt,cardigan,DE,"helmet, turban, bonnet are all related to 'Clothing (Head)'. cardigan, shirt do not belong to this group (they are 'Clothing (Torso)')."
59,Find the two words that do not belong to the group.,Mississippi,Ganges,chisel,Nile,screwdriver,CE,"Ganges, Mississippi, Nile are all related to 'Rivers'. screwdriver, chisel do not belong to this group (they are 'Tools')."
60,Find the two words that do not belong to the group.,wrench,screwdriver,kilometre,yard,hammer,CD,"wrench, hammer, screwdriver are all related to 'Tools'. kilometre, yard do not belong to this group (they are 'Measurements (Distance)')."
61,Find the two words that do not belong to the group.,scream,tuna,shout,mutter,dolphin,BE,"mutter, scream, shout are all related to 'Verbs (Talking)'. dolphin, tuna do not belong to this group (they are 'Fish/Sea Life')."
62,Find the two words that do not belong to the group.,football,Leeds,boxing,Liverpool,golf,BD,"football, golf, boxing are all related to 'Sports'. Leeds, Liverpool do not belong to this group (they are 'Cities (UK)')."
63,Find the two words that do not belong to the group.,bandana,kilogram,pound,hood,gram,AD,"gram, pound, kilogram are all related to 'Measurements (Weight)'. hood, bandana do not belong to this group (they are 'Clothing (Head)')."
64,Find the two words that do not belong to the group.,black,white,clarinet,flute,trombone,AB,"flute, trombone, clarinet are all related to 'Musical Instruments (Wind)'. white, black do not belong to this group (they are 'Colours')."
65,Find the two words that do not belong to the group.,Ganges,Danube,grandmother,Rhine,son,CE,"Rhine, Danube, Ganges are all related to 'Rivers'. son, grandmother do not belong to this group (they are 'Family')."
66,Find the two words that do not belong to the group.,walk,skip,notebook,paper,sprint,CD,"walk, sprint, skip are all related to 'Verbs (Movement)'. notebook, paper do not belong to this group (they are 'Stationery')."
67,Find the two words that do not belong to the group.,hammer,saw,crawl,climb,chisel,CD,"saw, hammer, chisel are all related to 'Tools'. crawl, climb do not belong to this group (they are 'Verbs (Movement)')."
68,Find the two words that do not belong to the group.,swimming,tennis,screwdriver,football,axe,CE,"tennis, football, swimming are all related to 'Sports'. screwdriver, axe do not belong to this group (they are 'Tools')."
69,Find the two words that do not belong to the group.,pencil,wind,snow,hail,glue,AE,"snow, hail, wind are all related to 'Weather'. pencil, glue do not belong to this group (they are 'Stationery')."
70,Find the two words that do not belong to the group.,pencil,eraser,carrot,turnip,paper,CD,"eraser, pencil, paper are all related to 'Stationery'. turnip, carrot do not belong to this group (they are 'Vegetables')."
71,Find the two words that do not belong to the group.,jacket,pine,t-shirt,ash,beech,AC,"beech, ash, pine are all related to 'Trees'. jacket, t-shirt do not belong to this group (they are 'Clothing (Torso)')."
72,Find the two words that do not belong to the group.,submarine,France,Canada,yacht,canoe,BC,"submarine, canoe, yacht are all related to 'Vehicles (Water)'. France, Canada do not belong to this group (they are 'Countries')."
73,Find the two words that do not belong to the group.,hour,century,day,table,chair,DE,"hour, century, day are all related to 'Measurements (Time)'. table, chair do not belong to this group (they are 'Furniture')."
74,Find the two words that do not belong to the group.,gram,ounce,chair,desk,sofa,AB,"sofa, desk, chair are all related to 'Furniture'. gram, ounce do not belong to this group (they are 'Measurements (Weight)')."
75,Find the two words that do not belong to the group.,Bristol,purple,Glasgow,Birmingham,grey,BE,"Glasgow, Bristol, Birmingham are all related to 'Cities (UK)'. purple, grey do not belong to this group (they are 'Colours')."
76,Find the two words that do not belong to the group.,rabbit,zinc,tin,lion,gold,AD,"zinc, gold, tin are all related to 'Metals'. lion, rabbit do not belong to this group (they are 'Mammals')."
77,Find the two words that do not belong to the group.,hop,talk,crawl,jump,speak,BE,"hop, jump, crawl are all related to 'Verbs (Movement)'. talk, speak do not belong to this group (they are 'Verbs (Talking)')."
78,Find the two words that do not belong to the group.,bedroom,hammer,screwdriver,pantry,garage,BC,"pantry, bedroom, garage are all related to 'Rooms'. hammer, screwdriver do not belong to this group (they are 'Tools')."
79,Find the two words that do not belong to the group.,bedroom,pantry,red,yellow,kitchen,CD,"pantry, kitchen, bedroom are all related to 'Rooms'. yellow, red do not belong to this group (they are 'Colours')."
80,Find the two words that do not belong to the group.,India,quick,Germany,rapid,Spain,BD,"Spain, Germany, India are all related to 'Countries'. rapid, quick do not belong to this group (they are 'Adjectives (Speed)')."
81,Find the two words that do not belong to the group.,hall,circle,kitchen,hexagon,diamond,AC,"diamond, hexagon, circle are all related to 'Shapes (2D)'. kitchen, hall do not belong to this group (they are 'Rooms')."
82,Find the two words that do not belong to the group.,orange,ukulele,blue,cello,purple,BD,"purple, orange, blue are all related to 'Colours'. cello, ukulele do not belong to this group (they are 'Musical Instruments (String)')."
83,Find the two words that do not belong to the group.,sapphire,topaz,excited,joyful,bored,AB,"joyful, excited, bored are all related to 'Adjectives (Emotion)'. topaz, sapphire do not belong to this group (they are 'Gemstones')."
84,Find the two words that do not belong to the group.,prism,sphere,waistcoat,jacket,block,CD,"block, sphere, prism are all related to 'Shapes (3D)'. waistcoat, jacket do not belong to this group (they are 'Clothing (Torso)')."
85,Find the two words that do not belong to the group.,pencil,Glasgow,stapler,London,sharpener,BD,"pencil, sharpener, stapler are all related to 'Stationery'. Glasgow, London do not belong to this group (they are 'Cities (UK)')."
86,Find the two words that do not belong to the group.,pound,kilogram,ounce,library,hotel,DE,"kilogram, ounce, pound are all related to 'Measurements (Weight)'. library, hotel do not belong to this group (they are 'Buildings')."
87,Find the two words that do not belong to the group.,sycamore,oak,maple,dish,plate,DE,"maple, sycamore, oak are all related to 'Trees'. dish, plate do not belong to this group (they are 'Cutlery/Crockery')."
88,Find the two words that do not belong to the group.,Edinburgh,Leeds,Birmingham,boot,wellington,DE,"Birmingham, Leeds, Edinburgh are all related to 'Cities (UK)'. wellington, boot do not belong to this group (they are 'Clothing (Footwear)')."
89,Find the two words that do not belong to the group.,bed,file,screwdriver,sofa,table,BC,"table, sofa, bed are all related to 'Furniture'. screwdriver, file do not belong to this group (they are 'Tools')."
90,Find the two words that do not belong to the group.,wasp,birch,beech,oak,mosquito,AE,"birch, oak, beech are all related to 'Trees'. mosquito, wasp do not belong to this group (they are 'Insects')."
91,Find the two words that do not belong to the group.,pearl,moth,topaz,jade,bee,BE,"jade, pearl, topaz are all related to 'Gemstones'. moth, bee do not belong to this group (they are 'Insects')."
92,Find the two words that do not belong to the group.,daffodil,gram,tulip,stone,daisy,BD,"tulip, daisy, daffodil are all related to 'Flowers'. stone, gram do not belong to this group (they are 'Measurements (Weight)')."
93,Find the two words that do not belong to the group.,crow,duck,hour,month,day,AB,"month, day, hour are all related to 'Measurements (Time)'. duck, crow do not belong to this group (they are 'Birds')."
94,Find the two words that do not belong to the group.,ounce,cloud,kilogram,wind,thunder,AC,"thunder, cloud, wind are all related to 'Weather'. kilogram, ounce do not belong to this group (they are 'Measurements (Weight)')."
95,Find the two words that do not belong to the group.,yellow,purple,orange,India,Brazil,DE,"orange, purple, yellow are all related to 'Colours'. India, Brazil do not belong to this group (they are 'Countries')."
96,Find the two words that do not belong to the group.,cap,beret,London,Bristol,Birmingham,AB,"Bristol, London, Birmingham are all related to 'Cities (UK)'. beret, cap do not belong to this group (they are 'Clothing (Head)')."
97,Find the two words that do not belong to the group.,sofa,bench,rabbit,chair,elephant,CE,"bench, sofa, chair are all related to 'Furniture'. elephant, rabbit do not belong to this group (they are 'Mammals')."
98,Find the two words that do not belong to the group.,church,hospital,cabbage,school,pea,CE,"hospital, school, church are all related to 'Buildings'. pea, cabbage do not belong to this group (they are 'Vegetables')."
99,Find the two words that do not belong to the group.,blue,white,grey,maple,elm,DE,"grey, blue, white are all related to 'Colours'. maple, elm do not belong to this group (they are 'Trees')."
100,Find the two words that do not belong to the group.,gram,moth,fly,wasp,ounce,AE,"fly, moth, wasp are all related to 'Insects'. ounce, gram do not belong to this group (they are 'Measurements (Weight)')."
101,Find the two words that do not belong to the group.,hall,Spain,bedroom,France,USA,AC,"France, USA, Spain are all related to 'Countries'. bedroom, hall do not belong to this group (they are 'Rooms')."
102,Find the two words that do not belong to the group.,submarine,rain,raft,boat,fog,BE,"submarine, boat, raft are all related to 'Vehicles (Water)'. rain, fog do not belong to this group (they are 'Weather')."
103,Find the two words that do not belong to the group.,pearl,ruby,sapphire,poppy,daisy,DE,"pearl, sapphire, ruby are all related to 'Gemstones'. daisy, poppy do not belong to this group (they are 'Flowers')."
104,Find the two words that do not belong to the group.,museum,hospital,bicycle,taxi,bus,AB,"bus, bicycle, taxi are all related to 'Vehicles (Land)'. museum, hospital do not belong to this group (they are 'Buildings')."
105,Find the two words that do not belong to the group.,tuba,mother,saxophone,trumpet,uncle,BE,"trumpet, saxophone, tuba are all related to 'Musical Instruments (Wind)'. uncle, mother do not belong to this group (they are 'Family')."
106,Find the two words that do not belong to the group.,kitchen,basement,hall,thunder,rain,DE,"hall, basement, kitchen are all related to 'Rooms'. rain, thunder do not belong to this group (they are 'Weather')."
107,Find the two words that do not belong to the group.,deer,tuba,elephant,trumpet,horse,BD,"deer, horse, elephant are all related to 'Mammals'. trumpet, tuba do not belong to this group (they are 'Musical Instruments (Wind)')."
108,Find the two words that do not belong to the group.,cherry,mosquito,ant,kiwi,wasp,AD,"ant, wasp, mosquito are all related to 'Insects'. cherry, kiwi do not belong to this group (they are 'Fruits')."
109,Find the two words that do not belong to the group.,speak,shout,yell,hood,cap,DE,"yell, speak, shout are all related to 'Verbs (Talking)'. cap, hood do not belong to this group (they are 'Clothing (Head)')."
110,Find the two words that do not belong to the group.,monitor,chip,cable,grape,plum,DE,"chip, monitor, cable are all related to 'Computer Parts'. plum, grape do not belong to this group (they are 'Fruits')."
111,Find the two words that do not belong to the group.,son,wind,snow,fog,grandfather,AE,"wind, snow, fog are all related to 'Weather'. son, grandfather do not belong to this group (they are 'Family')."
112,Find the two words that do not belong to the group.,slipper,hat,bandana,clog,boot,BC,"clog, slipper, boot are all related to 'Clothing (Footwear)'. bandana, hat do not belong to this group (they are 'Clothing (Head)')."
113,Find the two words that do not belong to the group.,Nile,Thames,grandmother,sister,Rhine,CD,"Nile, Thames, Rhine are all related to 'Rivers'. grandmother, sister do not belong to this group (they are 'Family')."
114,Find the two words that do not belong to the group.,file,tuba,pliers,trumpet,drill,BD,"file, pliers, drill are all related to 'Tools'. tuba, trumpet do not belong to this group (they are 'Musical Instruments (Wind)')."
115,Find the two words that do not belong to the group.,aunt,spanner,grandfather,wrench,screwdriver,AC,"screwdriver, spanner, wrench are all related to 'Tools'. grandfather, aunt do not belong to this group (they are 'Family')."
116,Find the two words that do not belong to the group.,beret,crown,aeroplane,blimp,drone,AB,"aeroplane, blimp, drone are all related to 'Vehicles (Air)'. crown, beret do not belong to this group (they are 'Clothing (Head)')."
117,Find the two words that do not belong to the group.,star,Earth,comet,orange,white,DE,"Earth, star, comet are all related to 'Planets/Space'. orange, white do not belong to this group (they are 'Colours')."
118,Find the two words that do not belong to the group.,diamond,jade,sun,cloud,hail,AB,"hail, cloud, sun are all related to 'Weather'. diamond, jade do not belong to this group (they are 'Gemstones')."
119,Find the two words that do not belong to the group.,blue,black,knife,yellow,cup,CE,"blue, yellow, black are all related to 'Colours'. knife, cup do not belong to this group (they are 'Cutlery/Crockery')."
120,Find the two words that do not belong to the group.,cod,marker,goldfish,lobster,pen,BE,"goldfish, cod, lobster are all related to 'Fish/Sea Life'. pen, marker do not belong to this group (they are 'Stationery')."
121,Find the two words that do not belong to the group.,Edinburgh,van,lorry,tram,Birmingham,AE,"lorry, van, tram are all related to 'Vehicles (Land)'. Birmingham, Edinburgh do not belong to this group (they are 'Cities (UK)')."
122,Find the two words that do not belong to the group.,mutter,son,whisper,sister,daughter,AC,"son, sister, daughter are all related to 'Family'. whisper, mutter do not belong to this group (they are 'Verbs (Talking)')."
123,Find the two words that do not belong to the group.,cousin,aunt,study,bedroom,garage,AB,"garage, bedroom, study are all related to 'Rooms'. aunt, cousin do not belong to this group (they are 'Family')."
124,Find the two words that do not belong to the group.,orange,stone,ounce,brown,pound,AD,"pound, stone, ounce are all related to 'Measurements (Weight)'. brown, orange do not belong to this group (they are 'Colours')."
125,Find the two words that do not belong to the group.,basketball,shop,hospital,hockey,football,BC,"basketball, football, hockey are all related to 'Sports'. hospital, shop do not belong to this group (they are 'Buildings')."
126,Find the two words that do not belong to the group.,sun,banjo,comet,star,ukulele,BE,"sun, comet, star are all related to 'Planets/Space'. ukulele, banjo do not belong to this group (they are 'Musical Instruments (String)')."
127,Find the two words that do not belong to the group.,Spain,Canada,star,Mars,Venus,AB,"star, Venus, Mars are all related to 'Planets/Space'. Spain, Canada do not belong to this group (they are 'Countries')."
128,Find the two words that do not belong to the group.,chef,asteroid,moon,Jupiter,fireman,AE,"Jupiter, moon, asteroid are all related to 'Planets/Space'. fireman, chef do not belong to this group (they are 'Jobs')."
129,Find the two words that do not belong to the group.,hat,bonnet,hood,mouse,cable,DE,"bonnet, hat, hood are all related to 'Clothing (Head)'. cable, mouse do not belong to this group (they are 'Computer Parts')."
130,Find the two words that do not belong to the group.,rose,lily,pansy,cat,giraffe,DE,"rose, pansy, lily are all related to 'Flowers'. giraffe, cat do not belong to this group (they are 'Mammals')."
131,Find the two words that do not belong to the group.,jog,crawl,sprint,tiny,massive,DE,"sprint, crawl, jog are all related to 'Verbs (Movement)'. massive, tiny do not belong to this group (they are 'Adjectives (Size)')."
132,Find the two words that do not belong to the group.,green,purple,star,square,black,CD,"purple, green, black are all related to 'Colours'. square, star do not belong to this group (they are 'Shapes (2D)')."
133,Find the two words that do not belong to the group.,swim,chameleon,iguana,skip,snake,AD,"snake, iguana, chameleon are all related to 'Reptiles/Amphibians'. skip, swim do not belong to this group (they are 'Verbs (Movement)')."
134,Find the two words that do not belong to the group.,bronze,cupboard,gold,iron,bookshelf,BE,"bronze, gold, iron are all related to 'Metals'. cupboard, bookshelf do not belong to this group (they are 'Furniture')."
135,Find the two words that do not belong to the group.,copper,bronze,block,sphere,tin,CD,"tin, bronze, copper are all related to 'Metals'. block, sphere do not belong to this group (they are 'Shapes (3D)')."
136,Find the two words that do not belong to the group.,printer,zinc,tin,gold,chip,AE,"zinc, tin, gold are all related to 'Metals'. printer, chip do not belong to this group (they are 'Computer Parts')."
137,Find the two words that do not belong to the group.,tuna,sprint,hop,whale,salmon,BC,"salmon, tuna, whale are all related to 'Fish/Sea Life'. sprint, hop do not belong to this group (they are 'Verbs (Movement)')."
138,Find the two words that do not belong to the group.,speedy,yell,say,hasty,rapid,BC,"rapid, hasty, speedy are all related to 'Adjectives (Speed)'. yell, say do not belong to this group (they are 'Verbs (Talking)')."
139,Find the two words that do not belong to the group.,black,bee,spider,red,wasp,AD,"bee, spider, wasp are all related to 'Insects'. black, red do not belong to this group (they are 'Colours')."
140,Find the two words that do not belong to the group.,giant,tiger,miniature,huge,rabbit,BE,"miniature, giant, huge are all related to 'Adjectives (Size)'. tiger, rabbit do not belong to this group (they are 'Mammals')."
141,Find the two words that do not belong to the group.,yellow,orange,pentagon,grey,rectangle,CE,"orange, grey, yellow are all related to 'Colours'. pentagon, rectangle do not belong to this group (they are 'Shapes (2D)')."
142,Find the two words that do not belong to the group.,bedroom,crawl,run,kitchen,lounge,BC,"bedroom, kitchen, lounge are all related to 'Rooms'. run, crawl do not belong to this group (they are 'Verbs (Movement)')."
143,Find the two words that do not belong to the group.,heel,motorcycle,train,boot,sandal,BC,"sandal, heel, boot are all related to 'Clothing (Footwear)'. train, motorcycle do not belong to this group (they are 'Vehicles (Land)')."
144,Find the two words that do not belong to the group.,shop,robin,owl,swan,castle,AE,"robin, owl, swan are all related to 'Birds'. castle, shop do not belong to this group (they are 'Buildings')."
145,Find the two words that do not belong to the group.,Glasgow,star,rectangle,Bristol,square,AD,"star, square, rectangle are all related to 'Shapes (2D)'. Bristol, Glasgow do not belong to this group (they are 'Cities (UK)')."
146,Find the two words that do not belong to the group.,turban,shirt,t-shirt,crown,helmet,BC,"helmet, crown, turban are all related to 'Clothing (Head)'. shirt, t-shirt do not belong to this group (they are 'Clothing (Torso)')."
147,Find the two words that do not belong to the group.,moon,Mars,sad,excited,nervous,AB,"nervous, excited, sad are all related to 'Adjectives (Emotion)'. Mars, moon do not belong to this group (they are 'Planets/Space')."
148,Find the two words that do not belong to the group.,vest,blouse,coat,jump,jog,DE,"vest, blouse, coat are all related to 'Clothing (Torso)'. jump, jog do not belong to this group (they are 'Verbs (Movement)')."
149,Find the two words that do not belong to the group.,Mars,sluggish,slow,swift,comet,AE,"sluggish, slow, swift are all related to 'Adjectives (Speed)'. Mars, comet do not belong to this group (they are 'Planets/Space')."
150,Find the two words that do not belong to the group.,file,Brazil,pliers,Italy,Germany,AC,"Germany, Brazil, Italy are all related to 'Countries'. file, pliers do not belong to this group (they are 'Tools')."
151,Find the two words that do not belong to the group.,dish,hotel,glass,spoon,castle,BE,"dish, glass, spoon are all related to 'Cutlery/Crockery'. hotel, castle do not belong to this group (they are 'Buildings')."
152,Find the two words that do not belong to the group.,wasp,excited,sad,bee,happy,AD,"sad, excited, happy are all related to 'Adjectives (Emotion)'. bee, wasp do not belong to this group (they are 'Insects')."
153,Find the two words that do not belong to the group.,whistle,bed,table,cupboard,clarinet,AE,"bed, table, cupboard are all related to 'Furniture'. clarinet, whistle do not belong to this group (they are 'Musical Instruments (Wind)')."
154,Find the two words that do not belong to the group.,crawl,frog,turtle,swim,run,BC,"swim, run, crawl are all related to 'Verbs (Movement)'. frog, turtle do not belong to this group (they are 'Reptiles/Amphibians')."
155,Find the two words that do not belong to the group.,spider,mosquito,moth,museum,hotel,DE,"moth, mosquito, spider are all related to 'Insects'. hotel, museum do not belong to this group (they are 'Buildings')."
156,Find the two words that do not belong to the group.,cricket,hotel,rugby,school,hockey,BD,"hockey, rugby, cricket are all related to 'Sports'. school, hotel do not belong to this group (they are 'Buildings')."
157,Find the two words that do not belong to the group.,cable,disk,son,daughter,uncle,AB,"daughter, son, uncle are all related to 'Family'. cable, disk do not belong to this group (they are 'Computer Parts')."
158,Find the two words that do not belong to the group.,week,swan,penguin,day,owl,AD,"swan, owl, penguin are all related to 'Birds'. week, day do not belong to this group (they are 'Measurements (Time)')."
159,Find the two words that do not belong to the group.,shoe,flute,oboe,slipper,trombone,AD,"oboe, trombone, flute are all related to 'Musical Instruments (Wind)'. shoe, slipper do not belong to this group (they are 'Clothing (Footwear)')."
160,Find the two words that do not belong to the group.,star,Danube,diamond,Mississippi,Thames,AC,"Danube, Thames, Mississippi are all related to 'Rivers'. star, diamond do not belong to this group (they are 'Shapes (2D)')."
161,Find the two words that do not belong to the group.,ruler,stapler,paper,walk,swim,DE,"stapler, ruler, paper are all related to 'Stationery'. walk, swim do not belong to this group (they are 'Verbs (Movement)')."
162,Find the two words that do not belong to the group.,ruler,red,black,stapler,pen,BC,"stapler, pen, ruler are all related to 'Stationery'. black, red do not belong to this group (they are 'Colours')."
163,Find the two words that do not belong to the group.,basement,ukulele,guitar,garage,lounge,BC,"basement, garage, lounge are all related to 'Rooms'. ukulele, guitar do not belong to this group (they are 'Musical Instruments (String)')."
164,Find the two words that do not belong to the group.,nervous,gram,scared,ounce,kilogram,AC,"gram, kilogram, ounce are all related to 'Measurements (Weight)'. nervous, scared do not belong to this group (they are 'Adjectives (Emotion)')."
165,Find the two words that do not belong to the group.,taxi,say,motorcycle,talk,speak,AC,"say, talk, speak are all related to 'Verbs (Talking)'. taxi, motorcycle do not belong to this group (they are 'Vehicles (Land)')."
166,Find the two words that do not belong to the group.,football,doctor,swimming,basketball,chef,BE,"basketball, swimming, football are all related to 'Sports'. doctor, chef do not belong to this group (they are 'Jobs')."
167,Find the two words that do not belong to the group.,stapler,cod,sharpener,goldfish,crab,AC,"goldfish, crab, cod are all related to 'Fish/Sea Life'. stapler, sharpener do not belong to this group (they are 'Stationery')."
168,Find the two words that do not belong to the group.,judo,printer,swimming,chip,boxing,BD,"swimming, boxing, judo are all related to 'Sports'. printer, chip do not belong to this group (they are 'Computer Parts')."
169,Find the two words that do not belong to the group.,Brazil,India,cable,chip,France,CD,"India, Brazil, France are all related to 'Countries'. chip, cable do not belong to this group (they are 'Computer Parts')."
170,Find the two words that do not belong to the group.,uncle,pliers,son,chisel,cousin,BD,"son, uncle, cousin are all related to 'Family'. pliers, chisel do not belong to this group (they are 'Tools')."
171,Find the two words that do not belong to the group.,hour,goldfish,year,trout,week,BD,"year, week, hour are all related to 'Measurements (Time)'. trout, goldfish do not belong to this group (they are 'Fish/Sea Life')."
172,Find the two words that do not belong to the group.,keyboard,chip,bookshelf,wardrobe,cable,CD,"chip, cable, keyboard are all related to 'Computer Parts'. bookshelf, wardrobe do not belong to this group (they are 'Furniture')."
173,Find the two words that do not belong to the group.,swift,clog,sluggish,rapid,sandal,BE,"rapid, sluggish, swift are all related to 'Adjectives (Speed)'. sandal, clog do not belong to this group (they are 'Clothing (Footwear)')."
174,Find the two words that do not belong to the group.,sad,cat,bored,tiger,fox,AC,"cat, tiger, fox are all related to 'Mammals'. sad, bored do not belong to this group (they are 'Adjectives (Emotion)')."
175,Find the two words that do not belong to the group.,cod,bicycle,trout,lorry,crab,BD,"trout, cod, crab are all related to 'Fish/Sea Life'. lorry, bicycle do not belong to this group (they are 'Vehicles (Land)')."
176,Find the two words that do not belong to the group.,hotel,hospital,screwdriver,hammer,library,CD,"library, hospital, hotel are all related to 'Buildings'. hammer, screwdriver do not belong to this group (they are 'Tools')."
177,Find the two words that do not belong to the group.,rectangle,sluggish,quick,star,square,BC,"star, rectangle, square are all related to 'Shapes (2D)'. quick, sluggish do not belong to this group (they are 'Adjectives (Speed)')."
178,Find the two words that do not belong to the group.,son,lobster,shark,crab,sister,AE,"crab, shark, lobster are all related to 'Fish/Sea Life'. sister, son do not belong to this group (they are 'Family')."
179,Find the two words that do not belong to the group.,crown,helmet,sharpener,stapler,paper,AB,"sharpener, paper, stapler are all related to 'Stationery'. crown, helmet do not belong to this group (they are 'Clothing (Head)')."
180,Find the two words that do not belong to the group.,sapphire,black,ruby,red,green,AC,"red, green, black are all related to 'Colours'. ruby, sapphire do not belong to this group (they are 'Gemstones')."
181,Find the two words that do not belong to the group.,excited,Amazon,scared,sad,Nile,BE,"sad, scared, excited are all related to 'Adjectives (Emotion)'. Nile, Amazon do not belong to this group (they are 'Rivers')."
182,Find the two words that do not belong to the group.,beret,keyboard,crown,turban,disk,BE,"turban, beret, crown are all related to 'Clothing (Head)'. keyboard, disk do not belong to this group (they are 'Computer Parts')."
183,Find the two words that do not belong to the group.,hospital,heel,wellington,sock,castle,AE,"heel, sock, wellington are all related to 'Clothing (Footwear)'. castle, hospital do not belong to this group (they are 'Buildings')."
184,Find the two words that do not belong to the group.,cone,shop,school,house,prism,AE,"school, shop, house are all related to 'Buildings'. cone, prism do not belong to this group (they are 'Shapes (3D)')."
185,Find the two words that do not belong to the group.,inch,yard,metre,small,large,DE,"metre, yard, inch are all related to 'Measurements (Distance)'. large, small do not belong to this group (they are 'Adjectives (Size)')."
186,Find the two words that do not belong to the group.,jog,skip,run,sapphire,ruby,DE,"run, jog, skip are all related to 'Verbs (Movement)'. sapphire, ruby do not belong to this group (they are 'Gemstones')."
187,Find the two words that do not belong to the group.,large,big,pear,cherry,miniature,CD,"miniature, large, big are all related to 'Adjectives (Size)'. cherry, pear do not belong to this group (they are 'Fruits')."
188,Find the two words that do not belong to the group.,potato,saw,bean,drill,carrot,BD,"bean, potato, carrot are all related to 'Vegetables'. drill, saw do not belong to this group (they are 'Tools')."
189,Find the two words that do not belong to the group.,fork,plate,sycamore,cedar,ash,AB,"sycamore, cedar, ash are all related to 'Trees'. plate, fork do not belong to this group (they are 'Cutlery/Crockery')."
190,Find the two words that do not belong to the group.,gram,excited,joyful,nervous,kilogram,AE,"nervous, excited, joyful are all related to 'Adjectives (Emotion)'. gram, kilogram do not belong to this group (they are 'Measurements (Weight)')."
191,Find the two words that do not belong to the group.,Bristol,metre,Cardiff,Liverpool,inch,BE,"Liverpool, Bristol, Cardiff are all related to 'Cities (UK)'. metre, inch do not belong to this group (they are 'Measurements (Distance)')."
192,Find the two words that do not belong to the group.,daisy,India,Spain,rose,tulip,BC,"daisy, rose, tulip are all related to 'Flowers'. Spain, India do not belong to this group (they are 'Countries')."
193,Find the two words that do not belong to the group.,cherry,tuba,clarinet,plum,pear,BC,"pear, plum, cherry are all related to 'Fruits'. tuba, clarinet do not belong to this group (they are 'Musical Instruments (Wind)')."
194,Find the two words that do not belong to the group.,trout,grape,dolphin,pear,peach,AC,"peach, grape, pear are all related to 'Fruits'. dolphin, trout do not belong to this group (they are 'Fish/Sea Life')."
195,Find the two words that do not belong to the group.,pea,beech,potato,elm,willow,AC,"beech, elm, willow are all related to 'Trees'. potato, pea do not belong to this group (they are 'Vegetables')."
196,Find the two words that do not belong to the group.,chef,rugby,golf,pilot,football,AD,"rugby, golf, football are all related to 'Sports'. pilot, chef do not belong to this group (they are 'Jobs')."
197,Find the two words that do not belong to the group.,Seine,sharpener,stapler,Nile,pen,AD,"stapler, sharpener, pen are all related to 'Stationery'. Seine, Nile do not belong to this group (they are 'Rivers')."
198,Find the two words that do not belong to the group.,lizard,snake,helmet,chameleon,bonnet,CE,"snake, chameleon, lizard are all related to 'Reptiles/Amphibians'. helmet, bonnet do not belong to this group (they are 'Clothing (Head)')."
199,Find the two words that do not belong to the group.,mile,kiwi,yard,foot,apple,BE,"yard, foot, mile are all related to 'Measurements (Distance)'. apple, kiwi do not belong to this group (they are 'Fruits')."
200,Find the two words that do not belong to the group.,Bristol,pen,ruler,Leeds,stapler,AD,"stapler, pen, ruler are all related to 'Stationery'. Bristol, Leeds do not belong to this group (they are 'Cities (UK)')."
201,Find the two words that do not belong to the group.,London,Bristol,cap,Birmingham,crown,CE,"London, Bristol, Birmingham are all related to 'Cities (UK)'. cap, crown do not belong to this group (they are 'Clothing (Head)')."
202,Find the two words that do not belong to the group.,hexagon,Canada,China,oval,Italy,AD,"China, Canada, Italy are all related to 'Countries'. oval, hexagon do not belong to this group (they are 'Shapes (2D)')."
203,Find the two words that do not belong to the group.,elephant,Ganges,horse,Seine,bear,BD,"bear, elephant, horse are all related to 'Mammals'. Seine, Ganges do not belong to this group (they are 'Rivers')."
204,Find the two words that do not belong to the group.,hexagon,circle,fast,hasty,pentagon,CD,"circle, pentagon, hexagon are all related to 'Shapes (2D)'. fast, hasty do not belong to this group (they are 'Adjectives (Speed)')."
205,Find the two words that do not belong to the group.,ounce,ton,hammer,screwdriver,spanner,AB,"hammer, spanner, screwdriver are all related to 'Tools'. ton, ounce do not belong to this group (they are 'Measurements (Weight)')."
206,Find the two words that do not belong to the group.,sycamore,rugby,birch,pine,cricket,BE,"sycamore, birch, pine are all related to 'Trees'. cricket, rugby do not belong to this group (they are 'Sports')."
207,Find the two words that do not belong to the group.,stone,table,ounce,wardrobe,desk,AC,"wardrobe, desk, table are all related to 'Furniture'. stone, ounce do not belong to this group (they are 'Measurements (Weight)')."
208,Find the two words that do not belong to the group.,Mars,Saturn,rugby,hockey,boxing,AB,"boxing, hockey, rugby are all related to 'Sports'. Saturn, Mars do not belong to this group (they are 'Planets/Space')."
209,Find the two words that do not belong to the group.,cylinder,cone,drill,spanner,prism,CD,"cylinder, prism, cone are all related to 'Shapes (3D)'. drill, spanner do not belong to this group (they are 'Tools')."
210,Find the two words that do not belong to the group.,judo,hockey,ounce,pound,basketball,CD,"judo, hockey, basketball are all related to 'Sports'. ounce, pound do not belong to this group (they are 'Measurements (Weight)')."
211,Find the two words that do not belong to the group.,parrot,Birmingham,sparrow,Manchester,Glasgow,AC,"Glasgow, Manchester, Birmingham are all related to 'Cities (UK)'. parrot, sparrow do not belong to this group (they are 'Birds')."
212,Find the two words that do not belong to the group.,sandal,speak,talk,scream,sock,AE,"talk, speak, scream are all related to 'Verbs (Talking)'. sandal, sock do not belong to this group (they are 'Clothing (Footwear)')."
213,Find the two words that do not belong to the group.,red,green,sprint,brown,climb,CE,"brown, red, green are all related to 'Colours'. sprint, climb do not belong to this group (they are 'Verbs (Movement)')."
214,Find the two words that do not belong to the group.,library,shop,cod,church,tuna,CE,"church, shop, library are all related to 'Buildings'. cod, tuna do not belong to this group (they are 'Fish/Sea Life')."
215,Find the two words that do not belong to the group.,mutter,daffodil,talk,lily,whisper,BD,"mutter, whisper, talk are all related to 'Verbs (Talking)'. daffodil, lily do not belong to this group (they are 'Flowers')."
216,Find the two words that do not belong to the group.,lizard,turtle,turban,cap,beret,AB,"beret, cap, turban are all related to 'Clothing (Head)'. turtle, lizard do not belong to this group (they are 'Reptiles/Amphibians')."
217,Find the two words that do not belong to the group.,school,church,shop,slipper,boot,DE,"church, school, shop are all related to 'Buildings'. slipper, boot do not belong to this group (they are 'Clothing (Footwear)')."
218,Find the two words that do not belong to the group.,sock,ruby,heel,sandal,topaz,BE,"sandal, heel, sock are all related to 'Clothing (Footwear)'. ruby, topaz do not belong to this group (they are 'Gemstones')."
219,Find the two words that do not belong to the group.,crawl,month,jump,century,year,AC,"year, month, century are all related to 'Measurements (Time)'. crawl, jump do not belong to this group (they are 'Verbs (Movement)')."
220,Find the two words that do not belong to the group.,saucer,glass,spanner,drill,hammer,AB,"hammer, spanner, drill are all related to 'Tools'. saucer, glass do not belong to this group (they are 'Cutlery/Crockery')."
221,Find the two words that do not belong to the group.,golf,slow,judo,cricket,quick,BE,"cricket, judo, golf are all related to 'Sports'. slow, quick do not belong to this group (they are 'Adjectives (Speed)')."
222,Find the two words that do not belong to the group.,small,penguin,giant,crow,miniature,BD,"giant, miniature, small are all related to 'Adjectives (Size)'. crow, penguin do not belong to this group (they are 'Birds')."
223,Find the two words that do not belong to the group.,potato,violet,rose,bean,poppy,AD,"rose, poppy, violet are all related to 'Flowers'. potato, bean do not belong to this group (they are 'Vegetables')."
224,Find the two words that do not belong to the group.,sprint,crawl,rectangle,star,hop,CD,"crawl, sprint, hop are all related to 'Verbs (Movement)'. rectangle, star do not belong to this group (they are 'Shapes (2D)')."
225,Find the two words that do not belong to the group.,Mississippi,Seine,library,Yangtze,church,CE,"Yangtze, Seine, Mississippi are all related to 'Rivers'. church, library do not belong to this group (they are 'Buildings')."
226,Find the two words that do not belong to the group.,elephant,bear,lion,truck,train,DE,"lion, bear, elephant are all related to 'Mammals'. train, truck do not belong to this group (they are 'Vehicles (Land)')."
227,Find the two words that do not belong to the group.,circle,oval,cap,hood,hat,AB,"hood, hat, cap are all related to 'Clothing (Head)'. oval, circle do not belong to this group (they are 'Shapes (2D)')."
228,Find the two words that do not belong to the group.,mango,banana,lemon,fly,moth,DE,"mango, banana, lemon are all related to 'Fruits'. fly, moth do not belong to this group (they are 'Insects')."
229,Find the two words that do not belong to the group.,bench,inch,kilometre,bed,yard,AD,"inch, kilometre, yard are all related to 'Measurements (Distance)'. bed, bench do not belong to this group (they are 'Furniture')."
230,Find the two words that do not belong to the group.,ruler,steamer,yacht,paper,glue,BC,"paper, glue, ruler are all related to 'Stationery'. steamer, yacht do not belong to this group (they are 'Vehicles (Water)')."
231,Find the two words that do not belong to the group.,decade,slipper,heel,century,sandal,AD,"heel, sandal, slipper are all related to 'Clothing (Footwear)'. decade, century do not belong to this group (they are 'Measurements (Time)')."
232,Find the two words that do not belong to the group.,France,blimp,helicopter,Italy,aeroplane,AD,"blimp, helicopter, aeroplane are all related to 'Vehicles (Air)'. France, Italy do not belong to this group (they are 'Countries')."
233,Find the two words that do not belong to the group.,pentagon,massive,diamond,huge,giant,AC,"giant, massive, huge are all related to 'Adjectives (Size)'. pentagon, diamond do not belong to this group (they are 'Shapes (2D)')."
234,Find the two words that do not belong to the group.,chip,moon,monitor,star,Jupiter,AC,"Jupiter, star, moon are all related to 'Planets/Space'. monitor, chip do not belong to this group (they are 'Computer Parts')."
235,Find the two words that do not belong to the group.,nurse,diamond,driver,teacher,pearl,BE,"nurse, driver, teacher are all related to 'Jobs'. diamond, pearl do not belong to this group (they are 'Gemstones')."
236,Find the two words that do not belong to the group.,Cardiff,Leeds,opal,emerald,jade,AB,"emerald, jade, opal are all related to 'Gemstones'. Leeds, Cardiff do not belong to this group (they are 'Cities (UK)')."
237,Find the two words that do not belong to the group.,corn,jump,skip,carrot,cabbage,BC,"carrot, cabbage, corn are all related to 'Vegetables'. jump, skip do not belong to this group (they are 'Verbs (Movement)')."
238,Find the two words that do not belong to the group.,cup,dish,fork,barge,raft,DE,"cup, fork, dish are all related to 'Cutlery/Crockery'. barge, raft do not belong to this group (they are 'Vehicles (Water)')."
239,Find the two words that do not belong to the group.,steel,lead,sandal,sock,boot,AB,"sock, boot, sandal are all related to 'Clothing (Footwear)'. steel, lead do not belong to this group (they are 'Metals')."
240,Find the two words that do not belong to the group.,aunt,cousin,calm,sad,sister,CD,"sister, cousin, aunt are all related to 'Family'. calm, sad do not belong to this group (they are 'Adjectives (Emotion)')."
241,Find the two words that do not belong to the group.,study,sapphire,ruby,pantry,opal,AD,"opal, sapphire, ruby are all related to 'Gemstones'. pantry, study do not belong to this group (they are 'Rooms')."
242,Find the two words that do not belong to the group.,monkey,elephant,monitor,disk,lion,CD,"monkey, lion, elephant are all related to 'Mammals'. monitor, disk do not belong to this group (they are 'Computer Parts')."
243,Find the two words that do not belong to the group.,shout,eagle,robin,yell,pigeon,AD,"pigeon, robin, eagle are all related to 'Birds'. yell, shout do not belong to this group (they are 'Verbs (Talking)')."
244,Find the two words that do not belong to the group.,sad,cello,viola,excited,sitar,AD,"sitar, cello, viola are all related to 'Musical Instruments (String)'. excited, sad do not belong to this group (they are 'Adjectives (Emotion)')."
245,Find the two words that do not belong to the group.,happy,scream,say,yell,scared,AE,"say, yell, scream are all related to 'Verbs (Talking)'. happy, scared do not belong to this group (they are 'Adjectives (Emotion)')."
246,Find the two words that do not belong to the group.,second,hour,month,house,hospital,DE,"month, hour, second are all related to 'Measurements (Time)'. hospital, house do not belong to this group (they are 'Buildings')."
247,Find the two words that do not belong to the group.,orange,jet,brown,drone,blimp,AC,"drone, jet, blimp are all related to 'Vehicles (Air)'. orange, brown do not belong to this group (they are 'Colours')."
248,Find the two words that do not belong to the group.,Thames,Rhine,Jupiter,star,Mars,AB,"Jupiter, star, Mars are all related to 'Planets/Space'. Rhine, Thames do not belong to this group (they are 'Rivers')."
249,Find the two words that do not belong to the group.,excited,sad,beret,hat,scared,CD,"excited, sad, scared are all related to 'Adjectives (Emotion)'. hat, beret do not belong to this group (they are 'Clothing (Head)')."
250,Find the two words that do not belong to the group.,lorry,shout,car,chat,talk,AC,"shout, chat, talk are all related to 'Verbs (Talking)'. lorry, car do not belong to this group (they are 'Vehicles (Land)')."
251,Find the two words that do not belong to the group.,waistcoat,trainer,coat,shoe,sock,AC,"sock, trainer, shoe are all related to 'Clothing (Footwear)'. waistcoat, coat do not belong to this group (they are 'Clothing (Torso)')."
252,Find the two words that do not belong to the group.,oval,pentagon,triangle,whale,goldfish,DE,"pentagon, oval, triangle are all related to 'Shapes (2D)'. goldfish, whale do not belong to this group (they are 'Fish/Sea Life')."
253,Find the two words that do not belong to the group.,iguana,toad,lizard,jog,swim,DE,"toad, iguana, lizard are all related to 'Reptiles/Amphibians'. swim, jog do not belong to this group (they are 'Verbs (Movement)')."
254,Find the two words that do not belong to the group.,steamer,wind,submarine,snow,mist,AC,"snow, wind, mist are all related to 'Weather'. steamer, submarine do not belong to this group (they are 'Vehicles (Water)')."
255,Find the two words that do not belong to the group.,blimp,small,huge,aeroplane,giant,AD,"small, huge, giant are all related to 'Adjectives (Size)'. aeroplane, blimp do not belong to this group (they are 'Vehicles (Air)')."
256,Find the two words that do not belong to the group.,doctor,table,police,bookshelf,artist,BD,"artist, doctor, police are all related to 'Jobs'. bookshelf, table do not belong to this group (they are 'Furniture')."
257,Find the two words that do not belong to the group.,asteroid,brown,yellow,green,star,AE,"brown, green, yellow are all related to 'Colours'. asteroid, star do not belong to this group (they are 'Planets/Space')."
258,Find the two words that do not belong to the group.,Glasgow,wrench,Liverpool,Cardiff,file,BE,"Glasgow, Cardiff, Liverpool are all related to 'Cities (UK)'. file, wrench do not belong to this group (they are 'Tools')."
259,Find the two words that do not belong to the group.,snow,rabbit,wind,deer,thunder,BD,"snow, thunder, wind are all related to 'Weather'. rabbit, deer do not belong to this group (they are 'Mammals')."
260,Find the two words that do not belong to the group.,parrot,son,eagle,grandmother,sparrow,BD,"eagle, parrot, sparrow are all related to 'Birds'. grandmother, son do not belong to this group (they are 'Family')."
261,Find the two words that do not belong to the group.,massive,huge,mosquito,fly,little,CD,"massive, little, huge are all related to 'Adjectives (Size)'. fly, mosquito do not belong to this group (they are 'Insects')."
262,Find the two words that do not belong to the group.,golf,China,USA,boxing,cricket,BC,"cricket, boxing, golf are all related to 'Sports'. USA, China do not belong to this group (they are 'Countries')."
263,Find the two words that do not belong to the group.,maple,ton,elm,pound,oak,BD,"oak, elm, maple are all related to 'Trees'. ton, pound do not belong to this group (they are 'Measurements (Weight)')."
264,Find the two words that do not belong to the group.,poppy,lily,hammer,pliers,file,AB,"file, pliers, hammer are all related to 'Tools'. lily, poppy do not belong to this group (they are 'Flowers')."
265,Find the two words that do not belong to the group.,marker,notebook,raft,pen,barge,CE,"marker, pen, notebook are all related to 'Stationery'. barge, raft do not belong to this group (they are 'Vehicles (Water)')."
266,Find the two words that do not belong to the group.,tin,heel,copper,slipper,clog,AC,"heel, slipper, clog are all related to 'Clothing (Footwear)'. tin, copper do not belong to this group (they are 'Metals')."
267,Find the two words that do not belong to the group.,slipper,silver,sock,clog,platinum,BE,"sock, clog, slipper are all related to 'Clothing (Footwear)'. platinum, silver do not belong to this group (they are 'Metals')."
268,Find the two words that do not belong to the group.,topaz,orange,pink,blue,pearl,AE,"orange, pink, blue are all related to 'Colours'. topaz, pearl do not belong to this group (they are 'Gemstones')."
269,Find the two words that do not belong to the group.,bandana,onion,crown,turban,cabbage,BE,"bandana, crown, turban are all related to 'Clothing (Head)'. onion, cabbage do not belong to this group (they are 'Vegetables')."
270,Find the two words that do not belong to the group.,whisper,bonnet,scream,hat,mutter,BD,"mutter, scream, whisper are all related to 'Verbs (Talking)'. bonnet, hat do not belong to this group (they are 'Clothing (Head)')."
271,Find the two words that do not belong to the group.,teacher,artist,pearl,fireman,garnet,CE,"artist, fireman, teacher are all related to 'Jobs'. garnet, pearl do not belong to this group (they are 'Gemstones')."
272,Find the two words that do not belong to the group.,garnet,sapphire,opal,pound,ton,DE,"sapphire, opal, garnet are all related to 'Gemstones'. ton, pound do not belong to this group (they are 'Measurements (Weight)')."
273,Find the two words that do not belong to the group.,jumper,clog,trainer,blouse,waistcoat,BC,"jumper, waistcoat, blouse are all related to 'Clothing (Torso)'. clog, trainer do not belong to this group (they are 'Clothing (Footwear)')."
274,Find the two words that do not belong to the group.,waistcoat,cardigan,raft,coat,steamer,CE,"waistcoat, cardigan, coat are all related to 'Clothing (Torso)'. steamer, raft do not belong to this group (they are 'Vehicles (Water)')."
275,Find the two words that do not belong to the group.,snow,lorry,thunder,motorcycle,mist,BD,"thunder, mist, snow are all related to 'Weather'. motorcycle, lorry do not belong to this group (they are 'Vehicles (Land)')."
276,Find the two words that do not belong to the group.,stone,boxing,ounce,tennis,judo,AC,"boxing, tennis, judo are all related to 'Sports'. ounce, stone do not belong to this group (they are 'Measurements (Weight)')."
277,Find the two words that do not belong to the group.,onion,broccoli,China,turnip,Spain,CE,"onion, broccoli, turnip are all related to 'Vegetables'. Spain, China do not belong to this group (they are 'Countries')."
278,Find the two words that do not belong to the group.,jet,glider,star,comet,blimp,CD,"jet, glider, blimp are all related to 'Vehicles (Air)'. comet, star do not belong to this group (they are 'Planets/Space')."
279,Find the two words that do not belong to the group.,fog,run,sprint,sun,climb,AD,"run, climb, sprint are all related to 'Verbs (Movement)'. fog, sun do not belong to this group (they are 'Weather')."
280,Find the two words that do not belong to the group.,maple,lobster,tuna,oak,shark,AD,"lobster, shark, tuna are all related to 'Fish/Sea Life'. oak, maple do not belong to this group (they are 'Trees')."
281,Find the two words that do not belong to the group.,flute,hospital,whistle,factory,museum,AC,"hospital, museum, factory are all related to 'Buildings'. whistle, flute do not belong to this group (they are 'Musical Instruments (Wind)')."
282,Find the two words that do not belong to the group.,Saturn,Glasgow,Leeds,sun,Jupiter,BC,"Jupiter, Saturn, sun are all related to 'Planets/Space'. Leeds, Glasgow do not belong to this group (they are 'Cities (UK)')."
283,Find the two words that do not belong to the group.,monkey,rabbit,wolf,shout,scream,DE,"monkey, rabbit, wolf are all related to 'Mammals'. scream, shout do not belong to this group (they are 'Verbs (Talking)')."
284,Find the two words that do not belong to the group.,orange,sphere,cone,cylinder,blue,AE,"cylinder, sphere, cone are all related to 'Shapes (3D)'. blue, orange do not belong to this group (they are 'Colours')."
285,Find the two words that do not belong to the group.,castle,monkey,wolf,hospital,tiger,AD,"tiger, wolf, monkey are all related to 'Mammals'. castle, hospital do not belong to this group (they are 'Buildings')."
286,Find the two words that do not belong to the group.,huge,giant,little,gram,stone,DE,"giant, huge, little are all related to 'Adjectives (Size)'. stone, gram do not belong to this group (they are 'Measurements (Weight)')."
287,Find the two words that do not belong to the group.,chip,skip,disk,sprint,printer,BD,"chip, printer, disk are all related to 'Computer Parts'. skip, sprint do not belong to this group (they are 'Verbs (Movement)')."
288,Find the two words that do not belong to the group.,heel,China,trainer,Spain,wellington,BD,"heel, wellington, trainer are all related to 'Clothing (Footwear)'. China, Spain do not belong to this group (they are 'Countries')."
289,Find the two words that do not belong to the group.,robin,bicycle,train,taxi,flamingo,AE,"bicycle, train, taxi are all related to 'Vehicles (Land)'. flamingo, robin do not belong to this group (they are 'Birds')."
290,Find the two words that do not belong to the group.,bean,yell,onion,chat,potato,BD,"potato, onion, bean are all related to 'Vegetables'. chat, yell do not belong to this group (they are 'Verbs (Talking)')."
291,Find the two words that do not belong to the group.,cone,birch,pine,prism,cube,BC,"cone, cube, prism are all related to 'Shapes (3D)'. pine, birch do not belong to this group (they are 'Trees')."
292,Find the two words that do not belong to the group.,cup,bowl,fork,little,tiny,DE,"bowl, cup, fork are all related to 'Cutlery/Crockery'. little, tiny do not belong to this group (they are 'Adjectives (Size)')."
293,Find the two words that do not belong to the group.,pound,hockey,gram,football,kilogram,BD,"kilogram, gram, pound are all related to 'Measurements (Weight)'. hockey, football do not belong to this group (they are 'Sports')."
294,Find the two words that do not belong to the group.,bench,Ganges,sofa,bookshelf,Seine,BE,"bookshelf, sofa, bench are all related to 'Furniture'. Ganges, Seine do not belong to this group (they are 'Rivers')."
295,Find the two words that do not belong to the group.,trainer,stone,gram,ounce,slipper,AE,"ounce, stone, gram are all related to 'Measurements (Weight)'. slipper, trainer do not belong to this group (they are 'Clothing (Footwear)')."
296,Find the two words that do not belong to the group.,onion,fog,spinach,carrot,hail,BE,"onion, spinach, carrot are all related to 'Vegetables'. hail, fog do not belong to this group (they are 'Weather')."
297,Find the two words that do not belong to the group.,mother,lizard,chameleon,newt,father,AE,"lizard, chameleon, newt are all related to 'Reptiles/Amphibians'. mother, father do not belong to this group (they are 'Family')."
298,Find the two words that do not belong to the group.,parrot,sister,brother,robin,sparrow,BC,"sparrow, parrot, robin are all related to 'Birds'. brother, sister do not belong to this group (they are 'Family')."
299,Find the two words that do not belong to the group.,Liverpool,Cardiff,football,tennis,golf,AB,"tennis, golf, football are all related to 'Sports'. Liverpool, Cardiff do not belong to this group (they are 'Cities (UK)')."
300,Find the two words that do not belong to the group.,grape,rabbit,dog,fox,cherry,AE,"fox, dog, rabbit are all related to 'Mammals'. grape, cherry do not belong to this group (they are 'Fruits')."