Question,OptionA,OptionB,OptionC,OptionD,OptionE,Correct Answer,Difficulty
PASS [ ? ] HOLE,WORD,TIME,PORT,BOOK,OVER,PORT,Level 2
NEWS [ ? ] WORK,CAST,PAPER,ROOM,FLASH,LETTER,PAPER,Level 1
FIRE [ ? ] CHAIR,WORKS,PLACE,WOOD,ARM,TRUCK,ARM,Level 2
WATER [ ? ] OUT,PROOF,MARK,FALL,SHED,LOG,FALL,Level 2
HEAD [ ? ] HOUSE,MASTER,LIGHT,ACHE,PHONE,LINE,LIGHT,Level 2
FOOT [ ? ] ROOM,STEP,BALL,PATH,PRINT,NOTE,BALL,Level 1
HAND [ ? ] PIPE,SHAKE,BAG,BALL,MADE,SET,BAG,Level 1
STAR [ ? ] BOWL,LIGHT,GAZE,FISH,SHIP,DUST,FISH,Level 1
BUTTER [ ? ] WHEEL,MILK,CUP,FLY,SCOTCH,KNIFE,FLY,Level 1
CROSS [ ? ] WAY,WORD,WALK,ROAD,BOW,FIRE,WALK,Level 2
EAR [ ? ] LET,PHONE,DRUM,RING,WAX,ACHE,RING,Level 1
KEY [ ? ] WALK,HOLE,NOTE,PAD,WORD,BOARD,BOARD,Level 1
SOFT [ ? ] HOUSE,BALL,DRINK,WARE,WOOD,TOUCH,WARE,Level 3
OVER [ ? ] MARE,COAT,LOOK,TIME,NIGHT,WORK,NIGHT,Level 2
DOOR [ ? ] SIDE,BELL,WAY,MAT,STEP,KNOB,WAY,Level 1
IN [ ? ] WAY,SIDE,TO,DOOR,COME,LET,DOOR,Level 1
UP [ ? ] OFF,SET,SIDE,TURN,LIFT,HOLD,TURN,Level 2
BACK [ ? ] YARD,PACK,BONE,COURT,SIDE,WARD,COURT,Level 2
SEA [ ? ] PROOF,WEED,SHELL,WATER,SIDE,FOOD,WATER,Level 1
GRAND [ ? ] LESS,MOTHER,SON,FATHER,CHILD,PARENT,FATHER,Level 1
FORE [ ? ] OFF,CAST,HEAD,SIGHT,WORD,FRONT,CAST,Level 2
LIFE [ ? ] OUT,TIME,BOAT,LONG,LINE,GUARD,TIME,Level 2
CAR [ ? ] SHOP,PORT,PET,POOL,PARK,WASH,PET,Level 1
DISH [ ? ] FALL,CLOTH,WATER,WASHER,PAN,RAG,WATER,Level 2
TEA [ ? ] HOLE,SPOON,BAG,POT,CUP,TIME,POT,Level 1
PAN [ ? ] WALK,HANDLE,CAKE,FRY,TRY,VIEW,CAKE,Level 1
RAIN [ ? ] TIE,COAT,DROP,BOW,FALL,STORM,BOW,Level 1
SNOW [ ? ] ROOM,FLAKE,BALL,STORM,DROP,MAN,BALL,Level 1
EYE [ ? ] GLASS,LASH,SIGHT,LID,BALL,BROW,SIGHT,Level 2
BOOK [ ? ] ROOM,MARK,CASE,WORK,SHOP,KEEPER,WORK,Level 2
PLAY [ ? ] WORK,MATE,GROUND,WRIGHT,TIME,GROUP,GROUND,Level 1
HOME [ ? ] ROOM,MADE,WORK,SICK,LESS,COMING,WORK,Level 1
TOOTH [ ? ] UP,BRUSH,PICK,PASTE,LESS,FAIRY,PICK,Level 1
HEAD [ ? ] WIDTH,MASTER,BAND,ACHE,PHONE,LINE,BAND,Level 2
NECK [ ? ] WORK,TIE,LACE,WEAR,BAND,CLOTH,LACE,Level 1
WRIST [ ? ] WAGON,WATCH,BAND,LET,RING,LOCK,BAND,Level 2
EGG [ ? ] FISH,NOG,PLANT,SHELL,HEAD,WHITE,SHELL,Level 1
COW [ ? ] SCOUT,MILK,BOY,HIDE,BELL,SHED,BOY,Level 1
WATCH [ ? ] WOOD,MAN,DOG,WORD,MAKER,STRAP,DOG,Level 1
ARM [ ? ] MAN,PIT,CHAIR,REST,HOLE,GUARD,CHAIR,Level 1
NOTE [ ? ] MARK,PAD,BOOK,WORTHY,ABLE,CARD,BOOK,Level 1
DATA [ ? ] BALL,SET,BANK,BASE,TYPE,SHEET,BASE,Level 2
DAY [ ? ] TIME,LIGHT,DREAM,BREAK,TRIP,BOOK,DREAM,Level 1
NIGHT [ ? ] HOUSE,MARE,CLUB,GOWN,LIFE,LIGHT,CLUB,Level 1
SOME [ ? ] WORK,THING,BODY,TIMES,WHERE,DAY,BODY,Level 1
ANY [ ? ] WAY,THING,ONE,BODY,WHERE,HOW,ONE,Level 1
PASS [ ? ] WORD,PORT,KEY,TIME,OVER,BY,KEY,Level 2
WITH [ ? ] OUT,DRAW,STAND,HOLD,IN,SIDE,STAND,Level 2
OUT [ ? ] LINE,DOOR,SIDE,CAST,FIT,LET,SIDE,Level 1
UNDER [ ? ] WORK,WORLD,GROUND,COVER,STAND,WEAR,GROUND,Level 1
OVER [ ? ] BOARD,COAT,HEAD,LOOK,TIME,WORK,HEAD,Level 1
DOWN [ ? ] OUT,HILL,TURN,FALL,WARD,SIDE,TURN,Level 2
HIGH [ ? ] SIDE,WAY,TIME,LAND,TABLE,LIGHT,WAY,Level 1
LOW [ ? ] LAND,TIDE,DOWN,LIFE,KEY,COST,DOWN,Level 2
MID [ ? ] SHIFT,DAY,NIGHT,WAY,TERM,SUMMER,NIGHT,Level 1
SUN [ ? ] LIGHT,SET,SPOT,RISE,SHINE,FLOWER,SPOT,Level 1
MOON [ ? ] HOUSE,BEAM,LIGHT,WALK,SHINE,STONE,LIGHT,Level 1
EARTH [ ? ] HOLE,QUAKE,WORM,WORK,BOUND,RISE,WORM,Level 2
FIRE [ ? ] MAN,PLACE,WORK,TRUCK,WOOD,WALL,WORK,Level 1
WIND [ ? ] PIPE,MILL,BAG,SCREEN,SHIELD,SOCK,BAG,Level 1
AIR [ ? ] WAY,PLANE,SHIP,BAG,LINE,CRAFT,SHIP,Level 1
BED [ ? ] SHEET,ROOM,SPREAD,SIDE,POST,ROLL,SPREAD,Level 1
BATH [ ? ] MATE,ROOM,ROBE,TUB,WATER,OIL,ROOM,Level 1
DOOR [ ? ] LIGHT,BELL,STOP,MAT,STEP,KNOB,STOP,Level 1
GATE [ ? ] KEEPER,WAY,HOUSE,POST,MAN,CRASHER,HOUSE,Level 1
WALL [ ? ] WORK,PAPER,FLOWER,NUT,BOARD,EYE,PAPER,Level 1
LADY [ ? ] PRINT,BUG,FINGER,BIRD,SHIP,LIKE,FINGER,Level 1
GENTLE [ ? ] KIND,WOMAN,MAN,FOLK,NESS,LY,MAN,Level 1
SHORT [ ? ] OFF,CUT,HAND,CHANGE,SIGHTED,TERM,HAND,Level 2
LONG [ ? ] OUT,TIME,HAND,TERM,BOW,BOAT,HAND,Level 2
BLACK [ ? ] OUT,BOARD,MAIL,SMITH,BIRD,BERRY,MAIL,Level 1
WHITE [ ? ] BOARD,HOUSE,WASH,OUT,CAP,PAPER,WASH,Level 1
BLUE [ ? ] BIRD,PRINT,BLACK,BERRY,BELL,GRASS,BLACK,Level 1
GREEN [ ? ] HOUSE,SWARD,LIGHT,ROOM,WOOD,BACK,LIGHT,Level 1
RED [ ? ] LINE,WOOD,HEAD,COAT,SKIN,CAP,HEAD,Level 1
GOLD [ ? ] FISH,SMITH,STAR,MINE,DUST,RUSH,STAR,Level 1
FRUIT [ ? ] CAKE,FLY,CUP,JUICE,SALAD,STAND,CUP,Level 1
NUT [ ? ] JACK,MEG,SHELL,CRACKER,HATCH,BUTTER,CRACKER,Level 1
PEPPER [ ? ] MINT,MILL,CORN,POT,SPRAY,JACK,CORN,Level 1
DRY [ ? ] WALL,CLEAN,DOCK,LAND,ICE,RUN,DOCK,Level 2
HARD [ ? ] WARE,SHIP,WOOD,HEAD,BALL,COPY,WOOD,Level 1
QUICK [ ? ] SAND,STEP,SILVER,LIME,WITTED,FIX,SILVER,Level 3
MAIN [ ? ] LAND,STAY,STREAM,LINE,SAIL,SPRING,STREAM,Level 2
BACK [ ? ] STAGE,PACK,UP,BONE,GROUND,SIDE,UP,Level 1
SIDE [ ? ] LINE,WALK,KICK,WAYS,TRACK,SHOW,KICK,Level 1
LAND [ ? ] SHIP,MARK,LORD,SLIDE,SCAPE,MINE,LORD,Level 1
MASTER [ ? ] PIECE,KEY,HEAD,MIND,CLASS,PLAN,HEAD,Level 1
WILD [ ? ] FIRE,LIFE,WOOD,CAT,FLOWER,DEER,WOOD,Level 2
BARN [ ? ] YARD,OWL,DOOR,STORM,RAISING,DANCE,DOOR,Level 1
FIELD [ ? ] WORK,TRIP,DAY,GOAL,GLASS,MOUSE,DAY,Level 1
WOOD [ ? ] PILE,WORK,STOCK,LAND,CUT,SHED,STOCK,Level 1
RUBBER [ ? ] BAND,STAMP,NECK,DUCK,MAID,SOLE,NECK,Level 2
GLASS [ ? ] HOUSE,BLOWER,WARE,EYE,TOP,JAW,WARE,Level 1
PAPER [ ? ] BOY,BACK,NEWS,WEIGHT,CLIP,MONEY,MONEY,Level 1
BASKET [ ? ] WORK,BALL,CASE,WEAVE,HILT,TRY,CASE,Level 2
FISH [ ? ] ING,ER,BOWL,NET,MONGER,WIFE,BOWL,Level 1
PITCH [ ? ] LIFT,BLACK,FORK,PERFECT,PIPE,DARK,FORK,Level 2
PEN [ ? ] POINT,MAN,KNIFE,NAME,PAL,SION,KNIFE,Level 1
STEAM [ ? ] ROOM,BOAT,BATH,ENGINE,ROLLER,SHOVEL,BATH,Level 1
GRAND [ ? ] STILL,ROOM,MAN,STAND,LORD,BERG,STAND,Level 1
BLACK [ ? ] WALK,LAND,BREAD,BOARD,LACE,DRUM,BOARD,Level 1
CAST [ ? ] SIDE,HOLE,CAKE,AWAY,SUIT,PORT,AWAY,Level 3
CORN [ ? ] TIME,LAND,MEAL,SPOON,BOX,HOUSE,MEAL,Level 3
PACK [ ? ] LESS,AGE,POOR,WEAR,TIGHT,HOUSE,AGE,Level 2
TYPE [ ? ] S,LIGHT,LIFT,STICK,WRITER,BAG,WRITER,Level 1
POCKET [ ? ] MARK,BOOK,GAZE,LAND,CODE,MARK,BOOK,Level 2
LIFE [ ? ] HOUSE,PIPE,CAP,GUARD,STROKE,FOOT,GUARD,Level 2
GRAPE [ ? ] CAKE,PAPER,DO,CAR,PAN,FRUIT,FRUIT,Level 3
OFF [ ? ] TIME,LIGHT,ROOM,MAN,SPRING,TABLE,SPRING,Level 2
MOON [ ? ] HOUSE,LIGHT,CASE,BOWL,ABOUT,WRECK,LIGHT,Level 3
SWEET [ ? ] CHIP,LAY,BASKET,POOL,TIME,POTATO,POTATO,Level 3
WILD [ ? ] WALK,FIRE,BROW,TIME,CAT,CLOTH,CAT,Level 2
PAPER [ ? ] GROUND,STONE,BUD,MAN,STAND,BACK,BACK,Level 1
EARTH [ ? ] SHOP,SHIP,PILE,BATHE,WORK,CLOTH,WORK,Level 3
RIVER [ ? ] NOTE,BANK,BOOK,PATH,SHED,ABOUTS,BANK,Level 1
OUT [ ? ] TER,LINE,OUT,LET,MOON,FAR,LET,Level 1
BLUE [ ? ] OUT,PRINT,RUNNER,WORK,COCK,BOARD,PRINT,Level 3
RAT [ ? ] TRACK,SAIL,MEAL,BACK,RACE,TUB,RACE,Level 3
ANY [ ? ] SIDE,DAY,WAY,WORD,SUIT,WIDE,WAY,Level 3
MEAT [ ? ] ROOM,MELON,MINE,BALL,DOWN,CLAD,BALL,Level 1
UP [ ? ] SIDE,GOWN,BOAT,SUIT,COUNTRY,LILY,COUNTRY,Level 3
HORSE [ ? ] HOOD,MAN,WORD,OUT,METAL,FATHER,MAN,Level 3
WATER [ ? ] HOP,WORKS,JACKET,DROP,LETTER,PASS,WORKS,Level 1
OFF [ ? ] BAG,HAND,CUT,WORD,COAT,ROAD,HAND,Level 1
CUT [ ? ] Y,STONE,THROAT,MAN,POOR,WAY,THROAT,Level 2
TEAM [ ? ] SHOP,BAND,SILVER,LIFT,WORK,CLEAN,WORK,Level 1
ROLL [ ? ] COAT,OVER,DROP,BOOK,CART,RUNNER,OVER,Level 2
MAN [ ? ] HEARTED,KIND,WIND,SAW,STICK,SIDE,KIND,Level 1
ROOT [ ? ] GARDEN,BEER,WIND,OUT,WRIGHT,MADE,BEER,Level 2
EGG [ ? ] FISH,ROOM,OVER,SHELL,MADE,AWAY,SHELL,Level 2
RAIN [ ? ] HANGER,COAT,BERRY,WORK,SACK,HOUSE,COAT,Level 3
DOOR [ ? ] FATHER,STEP,KICK,KEEP,FLAKE,PAN,STEP,Level 2
HOUSE [ ? ] WEIGHT,FLY,BOY,MATH,WEIGHT,BOARD,FLY,Level 2
DISH [ ? ] MELON,LEADER,WATER,NOON,PIT,CLAD,WATER,Level 2
HARD [ ? ] HOUSE,LOCK,WARE,SPOON,FORK,WAY,WARE,Level 1
HIGH [ ? ] HOUSE,LIGHT,BOAT,MASTER,SPOON,BOX,LIGHT,Level 1
OVER [ ? ] BACK,COME,GATE,BOUND,FAR,HILL,COME,Level 3
YELLOW [ ? ] S,PAIL,COACH,KICK,FALL,JACKET,JACKET,Level 2
GRASS [ ? ] BOARD,AS,HOPPER,BRING,BOARD,ROLL,HOPPER,Level 1
FOOT [ ? ] BOOK,RING,LIGHT,NOTE,CAKE,GAP,NOTE,Level 3
OUT [ ? ] TH,GROW,FALL,BALL,BERRY,CORN,GROW,Level 3
HONEY [ ? ] OVER,FIRE,ROOM,LINE,COMB,CRACKER,COMB,Level 1
TRAFFIC [ ? ] HOUSE,SHIP,LIGHT,WOOD,TIME,CAT,LIGHT,Level 3
STAR [ ? ] BO,GAZE,WHEEL,THROW,FORK,TABLE,GAZE,Level 3
ON [ ? ] OFF,TIE,SIGHT,SET,KEEPER,COAT,SET,Level 2
UP [ ? ] OFF,LIFT,HALL,SCAPE,SOME,WEALTH,LIFT,Level 3
WILD [ ? ] WOOD,SEAS,FIRE,HAND,HEAD,SHIELD,FIRE,Level 3
ROAD [ ? ] WALK,DOWN,OUT,OVER,SIDE,COME,SIDE,Level 1
TURN [ ? ] COAT,BACK,OVER,SUIT,ONE,LILY,OVER,Level 2
GENTLE [ ? ] HOOD,NIGHT,MAN,WISE,OVER,MARK,MAN,Level 1
HAND [ ? ] STILL,STAND,LAND,STOOL,MINT,CAST,STAND,Level 1
TRADE [ ? ] ER,FIRE,BIRD,FALL,MARK,OFF,MARK,Level 2
WHOLE [ ? ] BODY,WARE,SOME,WORK,SIDE,BAG,SOME,Level 1
SIDE [ ? ] CASE,SAW,PAPER,SLIDE,SHOW,UP,SHOW,Level 2
HAND [ ? ] PIPE,BAND,TOWER,BAG,DREAM,CUP,BAG,Level 1
SCREW [ ? ] SIDE,SHIRT,OUT,MATE,WEIGHT,DRIVER,DRIVER,Level 1
LIFE [ ? ] HOUSE,BOAT,TOP,DO,BLOWER,MINT,BOAT,Level 3
PEN [ ? ] SAKE,FIRE,NAME,CRAFT,WALK,WASH,NAME,Level 3
GRAND [ ? ] HOOD,ROOM,HOLD,BED,MAN,PARENT,PARENT,Level 3
SPARE [ ? ] CAGE,STONE,POINT,BALL,RIB,STAND,RIB,Level 2
GRASS [ ? ] S,CHECK,ROOT,THROAT,PROOF,MADE,ROOT,Level 3
ZIP [ ? ] NAME,CRACK,LAND,BOOTH,HEAD,CODE,CODE,Level 2
OVER [ ? ] TABLE,PLACE,BOOK,TIME,PROOF,SPOT,TIME,Level 3
SOME [ ? ] GUARD,BODY,HAND,STEP,DOG,ROLL,BODY,Level 1
RAIN [ ? ] OUT,DROP,LOOK,PARK,STAND,CORN,DROP,Level 3
HALF [ ? ] SIDE,CUT,LAND,WAY,THRIFT,DOWN,WAY,Level 3
ANY [ ? ] SELF,MOTHER,ONE,ARM,FLY,PORT,ONE,Level 3
SOFT [ ? ] ROOM,STONE,LONG,BALL,PROOF,AWAY,BALL,Level 3
FOOT [ ? ] PIGEON,STOOL,HOUND,LINE,BOW,POTATO,STOOL,Level 1
WHERE [ ? ] S,PRESS,GO,UPON,WORK,ONE,UPON,Level 3
SOAP [ ? ] CAR,STORM,HORSE,BOX,THRIFT,RUNNER,BOX,Level 1
STRONG [ ? ] HOOD,MAN,STAND,SCAPE,BONE,WASH,MAN,Level 3
BACK [ ? ] WORK,STONE,DREAM,WORLD,UP,GROUND,GROUND,Level 3
LINE [ ? ] GROUND,STAGE,CODE,BALL,TIME,BACK,BACK,Level 3
POST [ ? ] ER,NECK,FELT,KICK,STEP,MARK,MARK,Level 3
SUN [ ? ] LIGHT,ROUND,HOLE,LINE,STAND,SPOT,SPOT,Level 1
HORSE [ ? ] PACK,YARD,OUT,BACK,WAY,HEAVY,BACK,Level 3
MAN [ ? ] SOME,BREAK,BOY,HOLE,WORK,BOARD,HOLE,Level 2
SPACE [ ? ] HOOD,SHELL,LAND,FLAKE,CAST,MAN,MAN,Level 2
GOLD [ ? ] BOWL,DIVE,FISH,LEADER,WIDE,HOUSE,FISH,Level 3
MAIL [ ? ] HOOD,CASE,LONG,KNOT,WORK,MAN,MAN,Level 1
RACE [ ? ] SUIT,MAN,LINE,WAY,PORT,TRACK,TRACK,Level 3
WAY [ ? ] ER,LINE,MATH,BREAD,SIDE,FAR,FAR,Level 2
SMASH [ ? ] MAN,LAY,HEART,COUNTRY,FOIL,HIT,HIT,Level 3
OUT [ ? ] SUIT,NAIL,BOOK,LAW,BRING,BURN,LAW,Level 2
NET [ ? ] SHOP,BAND,CAP,LENGTH,WORK,BOX,WORK,Level 2
WELL [ ? ] SET,HOLD,OFF,KNOB,PROOF,ACHE,OFF,Level 3
LET [ ? ] WARD,WARE,DOWN,ROOT,LONG,HOUSE,DOWN,Level 2
SHOE [ ? ] CAR,BOX,DO,WATER,UP,APPLE,BOX,Level 3
WHITE [ ? ] STONE,STORM,QUARTER,CAP,LAND,HAND,CAP,Level 1
COPY [ ? ] WALK,SEA,DAY,STAND,CAT,BLOOD,CAT,Level 2
BATH [ ? ] MATE,SHIP,PLACE,CART,ROOM,SET,ROOM,Level 3
SPEED [ ? ] HOUSE,HAND,BOAT,WHERE,THOUGHT,PIT,BOAT,Level 3
WORK [ ? ] MARK,SHIP,BACK,HEAR,BOOK,STILL,BOOK,Level 2
SPILL [ ? ] SIDE,WAY,HIVE,MAKER,WHERE,HOUSE,WAY,Level 3
IN [ ? ] TER,STONE,LET,HIVE,POT,CAST,LET,Level 2
STOCK [ ? ] DRIVER,THING,DROP,UPON,PILE,STAKE,PILE,Level 1
BLUE [ ? ] PIE,ROOM,DAY,CUT,BERRY,STAIR,BERRY,Level 3
TEA [ ? ] HOLE,POCKET,PLACE,POT,STEP,FRONT,POT,Level 2
OVER [ ? ] OUT,MILK,LOOK,OFF,THRIFT,FISH,LOOK,Level 2
OUT [ ? ] MAN,THING,BOWL,WATER,COAT,LINE,LINE,Level 2
POLE [ ? ] WALK,DAY,CAT,OUT,COAT,ACHE,CAT,Level 2
WHEEL [ ? ] BOY,BREAK,DROP,BARROW,SPRING,BAG,BARROW,Level 3
PROOF [ ? ] ER,READ,GREEN,MINE,WIDE,PECKER,READ,Level 3
WIDE [ ? ] SHEET,MAN,SPREAD,CROSS,CANE,ACHE,SPREAD,Level 2
SKY [ ? ] SPUR,STONE,MEAL,LARK,FOOT,WORK,LARK,Level 3
STORE [ ? ] MATE,TELL,CAKE,TIME,ROOM,PAN,ROOM,Level 2
HALF [ ? ] TABLE,BASKET,WING,TIME,STAND,WEALTH,TIME,Level 3
GRAND [ ? ] LAND,WARE,ARM,WOOD,BOX,FATHER,FATHER,Level 3
TOOTH [ ? ] UP,SHIP,PICK,FRONT,SIDE,TABLE,PICK,Level 2
SEA [ ? ] HOLE,ROOM,STACK,UPON,STAND,PORT,PORT,Level 3
OUT [ ? ] DOWN,WARE,WATER,APPLE,BAG,BREAK,BREAK,Level 2
WORK [ ? ] HOOD,HOOK,OFF,TIME,MAN,CLAD,MAN,Level 3
HEAD [ ? ] MAN,CARD,LINE,BASIN,FIT,BOUND,LINE,Level 2
PLAY [ ? ] AMAJIG,DAY,COAT,THING,DOWN,SET,THING,Level 1
SUN [ ? ] S,SOIL,STROKE,SUIT,BOOTH,FREE,STROKE,Level 1
TIDE [ ? ] MELON,LIGHT,RIGHT,WATER,LASH,BERG,WATER,Level 1
BLACK [ ? ] SONIAN,SMITH,POWER,TUB,OUT,GUN,SMITH,Level 3
WALL [ ? ] POT,LAY,BELL,FLOWER,SPAN,HEAD,FLOWER,Level 1
STREET [ ? ] PORT,MEAL,BASKET,TIME,WRITING,CAR,CAR,Level 1
TAIL [ ? ] WAY,RING,LINE,RIVER,FOOT,GATE,GATE,Level 1
UP [ ? ] SHIP,BIRD,WOOD,CURRENT,TOWN,COME,TOWN,Level 2
QUICK [ ? ] SMITH,QUARTER,BACK,BALL,SHAPE,SILVER,SILVER,Level 2
SCRAP [ ? ] MARK,PIPE,LINE,SHAKE,MASTER,BOOK,BOOK,Level 3
CUP [ ? ] WALK,PIPE,LIGHT,ROOM,LAW,BOARD,BOARD,Level 2
SIGHT [ ? ] ING,YARD,QUAKE,BALL,TIME,SEE,SEE,Level 3
PENCIL [ ? ] WORK,SHOT,CASE,FLY,FREE,HEAVY,CASE,Level 3
PLAY [ ? ] WORK,KEEP,PAY,GROUND,PIECE,RISE,GROUND,Level 2
STAR [ ? ] WRECK,CYCLE,STONE,SHIP,NOTE,PORT,SHIP,Level 2
HEAD [ ? ] OFF,FLOWER,SET,MAN,WALK,CLEAN,SET,Level 3
RUN [ ? ] SIDE,STAGE,AWAY,ROOM,DAY,HOUSE,AWAY,Level 3
DOOR [ ? ] TER,MAN,OUT,CREAM,CAST,MAT,MAT,Level 2
RIVER [ ? ] WALK,SHOT,SIDE,WISE,TIME,ONE,SIDE,Level 3
GOOD [ ? ] POWER,STAND,CAN,SIDE,WILL,HOUSE,WILL,Level 3
JUMP [ ? ] CASE,ARM,AFTER,CURRENT,SUIT,WORK,SUIT,Level 2
WARM [ ? ] ED,POINT,SPOON,WALK,BAG,HEART,HEART,Level 2
UP [ ? ] UP,THING,LETTER,LIFT,THROAT,START,START,Level 2
STORY [ ? ] MARK,BACK,SKIN,COACH,BOOK,WAY,BOOK,Level 1
UNDER [ ? ] PORT,PASS,BAG,BONE,ISH,FISH,PASS,Level 3
SAFE [ ? ] HOUSE,TIE,GROUND,CAP,BOOK,GUARD,GUARD,Level 3
SLEEP [ ? ] ER,WHILE,WALK,WHERE,BROW,WORK,WALK,Level 1
SOME [ ? ] TABLE,TIME,WRITE,OVER,SCRAPER,ROLLER,TIME,Level 1
WHERE [ ? ] TO,TOP,IN,OUT,BALL,SHOOT,IN,Level 1
POT [ ? ] SOME,HOLE,YARD,CLAP,OFF,FLAKE,HOLE,Level 1
WEST [ ? ] ARY,LINE,FELT,QUAKE,WAY,BOUND,BOUND,Level 1
UP [ ? ] BACK,SHIP,LIFE,SET,FORE,BASE,SET,Level 1
JELLY [ ? ] BOWL,FISH,ON,TIME,FRUIT,DATE,FISH,Level 3
FIELD [ ? ] SHOP,BAND,LAND,OUT,NIP,WORK,WORK,Level 2
COVER [ ? ] SET,LAY,UP,CAR,SUIT,IN,UP,Level 1
FOOT [ ? ] UP,WARE,PILE,HOLD,WORK,STAR,HOLD,Level 3
UNDER [ ? ] ROLL,LACE,BOOK,PAY,OFF,PORT,PAY,Level 2
HAIR [ ? ] OFF,STORM,LIGHT,HOLD,UP,BRUSH,BRUSH,Level 1
ROUND [ ? ] FACE,CLOUD,OUT,MASTER,WRITE,ABOUT,ABOUT,Level 3
SHIRT [ ? ] PIPE,PHONE,MARK,OFF,FLAKE,TAIL,TAIL,Level 1
UNDER [ ? ] CARD,BREAK,HORN,LINE,SCORE,CORN,SCORE,Level 3
GROUND [ ? ] SHOP,BACK,LIGHT,BOY,WORK,RISE,WORK,Level 3
WATER [ ? ] ES,CRESS,HOLD,FIELD,TAP,SPOON,CRESS,Level 1
SOUTH [ ? ] BOUND,LAND,EAST,SUIT,TIME,BONE,EAST,Level 1
BAND [ ? ] STILL,STAND,WITNESS,ROAD,DOWN,FISH,STAND,Level 2
GAME [ ? ] S,MAID,GOWN,BOX,KEEPER,ONE,KEEPER,Level 1
WHITE [ ? ] LINE,STAGE,HEAD,LAND,LINE,MAKER,HEAD,Level 2
CAT [ ? ] WAY,HOUND,FIELD,WAY,WALK,LID,WALK,Level 3
SHEET [ ? ] WORK,WATER,COUNTRY,PRINT,METAL,BOARD,METAL,Level 3
NO [ ? ] ABOUTS,DROP,WHERE,BOAT,HAND,SOME,WHERE,Level 2
OVER [ ? ] OFF,TAKE,SHIP,BAND,HEAD,SUIT,TAKE,Level 2
SIDE [ ? ] SON,SAW,RIGHT,TAKE,STEP,BOARD,STEP,Level 2
SKY [ ? ] BOMBER,TOWER,MAN,HAND,WORK,DIVE,DIVE,Level 1
NOTE [ ? ] MARK,GREEN,HAND,WRITER,OUT,BOOK,BOOK,Level 1
SHORT [ ? ] ABLE,TOP,CHANGE,STEP,TIME,PIECE,CHANGE,Level 1
SPELL [ ? ] ARY,CAP,BOUND,TACK,CORN,SAKE,BOUND,Level 3
WATER [ ? ] LINE,PRESS,FRONT,MAN,CASE,KICK,FRONT,Level 2
GREEN [ ? ] MATE,FLOWER,DOWN,ISH,LILY,ROOM,ROOM,Level 2
IN [ ? ] BACK,COME,POOR,BEAT,AWAY,CLAD,COME,Level 2
BY [ ? ] ER,LAY,SIGHT,STAND,FRONT,BONE,STAND,Level 2
OPEN [ ? ] RESS,SAIL,QUARTER,CUT,ING,BALL,ING,Level 2
WORK [ ? ] CLOTH,LIFT,TABLE,WAY,BLOOD,BOARD,TABLE,Level 1
GANG [ ? ] SIDE,OUT,FATHER,WAY,TIGHT,IN,WAY,Level 3
SPARK [ ? ] IN,PLUG,LINE,OUT,GIVE,GAP,PLUG,Level 3
WEB [ ? ] MAP,BRUSH,MAN,PASS,BEING,SITE,SITE,Level 1
CLOCK [ ? ] CRACK,STORM,WORK,SOME,WISE,BOX,WISE,Level 2
SEA [ ? ] WALK,ARM,MATE,TIME,SMITH,BOARD,BOARD,Level 1
WORK [ ? ] SHOE,ARM,CAKE,BREAD,PORT,HORSE,HORSE,Level 3
DOWN [ ? ] SHIP,LIGHT,TOWN,APPLE,DOWN,PIT,TOWN,Level 3
DOG [ ? ] WORK,MOTHER,PICK,OUT,HOUSE,DOWN,HOUSE,Level 3
TOM [ ? ] WALK,BORN,SHAKE,WEIGHT,GIVE,CAT,CAT,Level 2
HAND [ ? ] SIDE,COMB,OUT,COVER,STAND,STAKE,OUT,Level 3
WAKE [ ? ] SET,BREAK,OUT,UP,MAKER,WORK,UP,Level 1
SELF [ ? ] NESS,ISH,BIRD,HEAR,KEEPER,SIDE,ISH,Level 3
UP [ ? ] LINE,MAN,ARM,STREAM,LASH,HOUSE,STREAM,Level 2
TURN [ ? ] CLOTH,WARE,COMING,CLOUD,TABLE,BEAN,TABLE,Level 3
FRESH [ ? ] MELON,POCKET,WORD,OUT,SUIT,WATER,WATER,Level 3
WITH [ ? ] BRIDGE,DIVE,DAY,NIGHT,DRAW,KEEPER,DRAW,Level 1
NAME [ ? ] KEEP,SHIP,GLASS,STAND,SAKE,AWAY,SAKE,Level 3
EVER [ ? ] HOUSE,POINT,BED,YARD,HEAD,GREEN,GREEN,Level 3
WATER [ ? ] DING,LOOK,FOOT,SHED,BLOOD,WASH,SHED,Level 1
HEAD [ ? ] HOUSE,LINE,SON,YARD,LIGHT,BOARD,LIGHT,Level 3
SPRING [ ? ] WALK,WITNESS,AWAY,BOARD,GIVE,FOOD,BOARD,Level 1
WATER [ ? ] READ,PIPE,BIRD,WAY,GATHER,PROOF,PROOF,Level 2
STOP [ ? ] MAN,WATCH,CURRENT,NIP,WAY,SHORE,WATCH,Level 1
OUT [ ? ] WAY,SEAS,SIDE,HOOD,GROUND,DOOR,DOOR,Level 2
EYE [ ? ] SEEING,SIGHT,GUARD,WASH,BOY,DOWN,SIGHT,Level 3
PAN [ ? ] WALK,WHERE,STAND,CAKE,FALL,POINT,CAKE,Level 3
COME [ ? ] GROUND,BACK,STONE,ING,LIFT,WALK,BACK,Level 2
ANY [ ? ] GUARD,SICK,BODY,HEAD,CLUB,CRACKER,BODY,Level 2
LADY [ ? ] BEAR,RING,PORT,BRIDGE,STICK,BUG,BUG,Level 3
MARK [ ? ] WARD,OFF,DOWN,SHOOT,HOLE,HOLD,DOWN,Level 1
FORE [ ? ] ING,PASS,BOW,SAKE,YARD,SEE,SEE,Level 1
LIFE [ ? ] HOUSE,GUARD,DOWN,BOX,SHOE,MEAL,GUARD,Level 2
HOME [ ? ] MAN,SIDE,BEAT,MOON,STICK,MADE,MADE,Level 1
OPEN [ ? ] RESS,ING,BONE,SLIDE,STONE,SHOE,ING,Level 3
IN [ ? ] WALK,LOOK,BLOOD,DOWN,FATHER,SIDE,SIDE,Level 2
CAR [ ? ] SHOP,FIELD,LAND,PET,STAND,BOUND,PET,Level 1
HOLE [ ? ] BODY,SHOP,SOME,HOPPER,TIME,ARM,SOME,Level 1
JACK [ ? ] POINT,WASHER,KNIFE,CASE,WORM,GROUND,KNIFE,Level 1
LOG [ ? ] MARK,LONG,SNAKE,WAY,BOOK,ING,BOOK,Level 1
BREAK [ ? ] TURN,DOWN,DOM,STONE,BOARD,BACK,DOWN,Level 3
HEART [ ? ] NIK,WORK,WEIGHT,BEAT,PAN,HOOD,BEAT,Level 3
HAY [ ? ] YARD,BAG,FIELD,BODY,STACK,STICK,STACK,Level 3
OVER [ ? ] OFF,TAKE,POUR,DUST,SHOE,HAND,TAKE,Level 1
GREEN [ ? ] BOAT,BOW,PAN,HOUSE,ROOM,FLY,HOUSE,Level 3
LAW [ ? ] CASE,DOG,SUIT,RING,GROW,GREEN,SUIT,Level 1
HEAD [ ? ] MAN,LINE,SIDE,RUN,BRUSH,MADE,LINE,Level 1
AL [ ? ] GETHER,MAID,CUFF,TO,SHELF,FLY,TO,Level 1
CAMP [ ? ] PLACE,FIRE,WAY,DOWN,OUT,GROW,FIRE,Level 3
LET [ ? ] WARD,BONE,PAN,RUN,LIGHT,DOWN,DOWN,Level 2
SAUCE [ ? ] CAKE,PAN,NOTE,LIGHT,TIME,CRACKER,PAN,Level 2
SPACE [ ? ] WRECK,BALL,FALL,OUT,BOAT,SHIP,SHIP,Level 3
FIRE [ ? ] WEIGHT,FOOT,SET,SUIT,FLY,MINE,FLY,Level 3
MOON [ ? ] ISH,BEAM,GO,AWAY,LID,BACK,BEAM,Level 3
GINGER [ ? ] CRUMB,SEAS,BREAD,WARE,DOWN,MAN,BREAD,Level 1
MAIN [ ? ] LINER,LINE,BOY,STONE,WORD,STREAM,STREAM,Level 3
SIDE [ ? ] WAY,PAD,WALK,PAPER,POINT,WOOD,WALK,Level 1
KEY [ ? ] BOOK,NOTE,BONE,PORT,BALL,WALK,NOTE,Level 1
HIGH [ ? ] SIDE,SICK,SET,SEE,BALL,WAY,WAY,Level 3
OVER [ ? ] OUT,SCREW,TAKE,BRIDGE,LOOK,LORD,LOOK,Level 1
JOY [ ? ] SHARE,WATCH,RIDE,PUT,HANG,OVER,RIDE,Level 2
BATH [ ? ] SERVICE,HEAD,HOOD,CAST,STICK,ROOM,ROOM,Level 3
STOP [ ? ] MAN,STONE,LESS,WATCH,OUT,HAND,WATCH,Level 3
MOTOR [ ? ] HOUSE,BREAK,BOAT,SHIP,SIDE,MINE,BOAT,Level 2
ICE [ ? ] PUFF,SCREW,TAKE,UP,CREAM,TIME,CREAM,Level 2
CROSS [ ? ] PLAY,WORD,BOW,PHONE,BODY,HOLD,WORD,Level 2
OVER [ ? ] ON,SEAS,POT,WASHER,LIGHT,GROW,SEAS,Level 3
NAME [ ? ] KEEP,LOOK,LONG,STREAM,SAKE,PIECE,SAKE,Level 1
UP [ ? ] BACK,WEED,WORK,SET,LAND,RIGHT,SET,Level 2
GRAND [ ? ] IN,PRINT,BREAD,SNAKE,SON,BOARD,SON,Level 1
BACK [ ? ] YARD,SLIDE,BONE,CUT,PAN,MADE,BONE,Level 1
GOLD [ ? ] BIN,DUST,BLOOD,HEART,HEAD,CAKE,DUST,Level 1
LIVE [ ? ] PILE,STOCK,TIE,LAND,MOON,HOUSE,STOCK,Level 1
CARE [ ? ] OFF,RIDE,TAKER,END,BOX,MADE,TAKER,Level 2
DISH [ ? ] WOMAN,COAT,BOARD,STICK,LIGHT,WASHER,WASHER,Level 1
LIME [ ? ] WALL,BAG,STONE,BORN,OUT,SIGHT,STONE,Level 1
DRAW [ ? ] WORK,BRIDGE,WEIGHT,PET,BALL,ING,BRIDGE,Level 2
UNDER [ ? ] WORK,UP,HEAD,GROUND,LET,BACK,GROUND,Level 2
RED [ ? ] LINE,KEEP,WAY,RIGHT,OVER,HEAD,HEAD,Level 1
EYE [ ? ] LESS,GUARD,FISH,NOON,OUT,LID,LID,Level 3
HAND [ ? ] PIPE,CUFF,CAP,BAG,OUT,LASH,BAG,Level 1
MILL [ ? ] WALL,WATCH,FOOT,PAPER,COAT,STONE,STONE,Level 2
END [ ? ] LY,FIELD,SCREW,LAND,HOUSE,LESS,LESS,Level 2
LOW [ ? ] WARD,UP,NOTE,LESS,DROP,DOWN,DOWN,Level 3
GRAVE [ ? ] STICK,GUARD,YARD,TAKE,DOWN,BACK,YARD,Level 2
FOOT [ ? ] SON,FOOT,STEP,GO,SHOE,BOOK,STEP,Level 1
OUT [ ? ] WORK,WATCH,STREAM,FIELD,CAKE,BOX,FIELD,Level 1
OUT [ ? ] ING,TIE,LAND,STAND,TIME,MADE,STAND,Level 1
OLD [ ? ] KEEPER,TIMER,BORN,WAY,CASE,BOAT,TIMER,Level 1
WATER [ ? ] OUT,SLIDE,HEART,WAY,FATHER,FALL,FALL,Level 2
GOLD [ ? ] FIELD,SICK,WAY,MINE,DOWN,BACK,MINE,Level 2
FEED [ ? ] GROUND,BACK,ACHE,WORM,ARM,QUAKE,BACK,Level 2
GOOD [ ? ] POWER,CAP,GUARD,FISH,COCK,WILL,WILL,Level 3
HAIL [ ? ] WALL,STONE,STEP,SET,BOARD,BALL,STONE,Level 3
HOOK [ ? ] SET,LACE,FLOW,HOUSE,ROOM,UP,UP,Level 3
COUNT [ ? ] WARD,LINE,TAKE,RUN,DOWN,HAND,DOWN,Level 3
OVER [ ? ] BACK,PAD,THROW,WEIGHT,STONE,PATH,THROW,Level 1
DUST [ ? ] CAKE,PAN,WELL,SOME,BEAM,CLUB,PAN,Level 2
COPY [ ? ] HAND,LONG,WEIGHT,RIGHT,STONE,STICK,RIGHT,Level 3
CAST [ ? ] SIDE,BREAD,HEAD,AWAY,WELL,DOWN,AWAY,Level 1
HAND [ ? ] LINK,CUFF,SON,NOON,DOWN,GREEN,CUFF,Level 3
OUT [ ? ] SUIT,DAY,LAW,WAY,POINT,HAND,LAW,Level 1
BLACK [ ? ] SONIAN,SMITH,WARE,CAKE,BALL,GROUND,SMITH,Level 3
HEAD [ ? ] HOUSE,LIGHT,SET,PATH,DOWN,TAKER,LIGHT,Level 2
FREE [ ? ] IN,DOM,TIME,BOARD,POINT,BOAT,DOM,Level 2
FLAT [ ? ] PRINT,FOOT,SEE,MARK,DUST,BALL,FOOT,Level 2
CHECK [ ? ] SIDE,SIDE,PUT,OUT,SIGHT,GROUND,OUT,Level 2
SHORT [ ? ] BAG,LONG,PEA,STONE,CAST,HAND,HAND,Level 1
STAR [ ? ] BOWL,TIME,FISH,PORT,HOPPER,CART,FISH,Level 1
PLAY [ ? ] WORK,SLIDE,HEART,BIRD,DOWN,GROUND,GROUND,Level 1
PEA [ ? ] TAIL,TURN,CUFF,FOOT,COCK,WAGON,COCK,Level 1
CAR [ ? ] CART,LASH,WASHER,WAY,BOX,GO,GO,Level 1
LAND [ ? ] ER,TIE,BOY,BOX,MARK,WALK,MARK,Level 2
STEAM [ ? ] HOUSE,WING,BOAT,OFF,NOON,LIFT,BOAT,Level 1
METAL [ ? ] SHOP,PASS,WORK,GIVE,BOAT,LETTER,WORK,Level 3
MIST [ ? ] OFF,FIELD,COAT,TAKE,OUT,GROUND,TAKE,Level 2
OFF [ ? ] BACK,BOWL,SIDE,SET,CAST,CRACKER,SET,Level 1
HARD [ ? ] HOUSE,WEED,POT,CAT,WARE,LIFT,WARE,Level 3
BASE [ ? ] ROOM,BALL,WAY,PET,SEA,MILL,BALL,Level 2
GUM [ ? ] OUT,ROLL,WING,DOG,STICK,DROP,DROP,Level 1
FIRE [ ? ] CHAIR,ARM,FISH,BIRD,BRIDGE,DIVE,ARM,Level 2
LOCK [ ? ] WARD,DOWN,BOX,SELF,BOOK,WORD,DOWN,Level 3
MAIL [ ? ] HOOD,WORK,FISH,MAN,MADE,FROG,MAN,Level 1
WORK [ ? ] KEEPER,SHOP,SCREW,PAN,STONE,MOST,SHOP,Level 2
NEEDLE [ ? ] LESS,DOOR,BONE,THROW,CLUB,POINT,POINT,Level 3
MINE [ ? ] WORK,BAG,FIELD,SIDE,WARE,HEAD,FIELD,Level 3
CUP [ ? ] WALK,BOARD,FIELD,WAY,LIGHT,FIRE,BOARD,Level 3
GANG [ ? ] SIDE,SET,WAY,BALL,BOUND,HOLD,WAY,Level 3
AIR [ ? ] HOLE,SEAS,BOW,WAY,PORT,QUAKE,PORT,Level 3
OVER [ ? ] BACK,TAKE,COME,STONE,DROP,CASE,COME,Level 1
BODY [ ? ] HOUSE,GUARD,SCREW,SEE,OUT,MINE,GUARD,Level 3
FORE [ ? ] AWAY,CAP,CAST,DO,STICK,OVER,CAST,Level 2
GLASS [ ? ] HOUSE,FISH,WARE,BITE,DOWN,RIGHT,WARE,Level 1
DOOR [ ? ] SIDE,WORK,WAY,BODY,MAN,SUIT,WAY,Level 2
CROSS [ ? ] COAT,OVER,WAY,STONE,TIME,HOLD,OVER,Level 2
COCK [ ? ] PIPE,MADE,BOARD,STICK,TIME,TAIL,TAIL,Level 2
TOOTH [ ? ] OFF,DOG,BRUSH,TAKE,MARK,BOOK,BRUSH,Level 2
LAY [ ? ] SET,SCREW,OFF,DOWN,GROW,HAND,OFF,Level 3
OVER [ ? ] TIME,LAND,BUD,NIGHT,GROUND,ROOM,NIGHT,Level 3
NEWS [ ? ] HEAD,WAY,LETTER,BITE,TOP,HOPPER,LETTER,Level 3
WATCH [ ? ] HOLE,LONG,MAN,RIDE,CAST,ING,MAN,Level 2
GRAND [ ? ] LAND,DOG,BOARD,DOWN,OVER,FATHER,FATHER,Level 2
OUT [ ? ] MAN,SHIP,LINE,TIMER,COCK,LID,LINE,Level 3
NIGHT [ ? ] TABLE,GUARD,MOON,LAY,END,TIME,TIME,Level 1
BOW [ ? ] DYE,KEEP,PAPER,STAND,TIE,FLY,TIE,Level 3
IN [ ? ] TER,WORK,LET,DIVE,PIECE,HAND,LET,Level 1
FOOT [ ? ] OUT,AFTER,SHOP,STACK,BITE,PRINT,PRINT,Level 3
BOOK [ ? ] WORK,CASE,WAY,BOARD,TOP,MAID,CASE,Level 1
CHICK [ ? ] COCK,SIDE,BOY,CAST,BOARD,PEA,PEA,Level 3
OUT [ ? ] OUT,LAW,SET,LOOK,CAKE,SHOE,LOOK,Level 2
MOON [ ? ] HOUSE,OFF,LIGHT,OUT,CRACKER,SUIT,LIGHT,Level 1
ROSE [ ? ] DY,SHOP,PORT,BUD,OVER,GROUND,BUD,Level 1
OUT [ ? ] TH,GROW,BEAT,BOY,FATHER,MADE,GROW,Level 3
FALL [ ? ] SIDE,PAD,OUT,SELF,ARM,WALK,OUT,Level 2
HAND [ ? ] SIDE,FISH,WHERE,NOON,OUT,SIGHT,OUT,Level 3
HALF [ ? ] SIDE,BODY,DOWN,FRUIT,WAY,BACK,WAY,Level 1
FOOT [ ? ] WAY,BLOOD,PAPER,HEAD,PATH,QUAKE,PATH,Level 1
JELLY [ ? ] BOWL,PRINT,FISH,SEE,LIGHT,BEAM,FISH,Level 2
WAR [ ? ] YARD,SET,WASH,FATHER,ROOM,SHIP,SHIP,Level 2
FREE [ ? ] SIDE,NOTE,BRIDGE,HOLE,BALL,WAY,WAY,Level 2
OVER [ ? ] WALK,CAP,HEAD,BOARD,GO,OVER,BOARD,Level 3
HOT [ ? ] HOUSE,HOUND,RUN,HOOD,DOG,BOX,DOG,Level 3
LAND [ ? ] WAY,RING,HOOD,SLIDE,OUT,GREEN,SLIDE,Level 3
SAND [ ? ] WEIGHT,TIME,MARK,DOWN,PAPER,CART,PAPER,Level 2
PAY [ ? ] OUT,SEAS,WAY,ROLL,WELL,LIGHT,ROLL,Level 3
LAY [ ? ] SIDE,KEEP,PORT,FLOW,BRUSH,OUT,OUT,Level 1
EAR [ ? ] TONE,BREAD,BODY,BIRD,RING,WALK,RING,Level 2
BRAIN [ ? ] OUT,SICK,WASH,LACE,BALL,HAND,WASH,Level 1
WEEK [ ? ] GAME,BOW,POT,SEE,FALL,END,END,Level 2
FAR [ ? ] ING,LOOK,BONE,REACH,WOOD,MEAL,REACH,Level 1
SCHOOL [ ? ] HOOD,BAG,UP,SHELF,DOWN,BOY,BOY,Level 1
CANDLE [ ? ] MAN,WORK,FISH,NOON,TAIL,STICK,STICK,Level 3
DOWN [ ? ] OUT,REACH,HEART,BITE,DOWN,POUR,POUR,Level 3
PASS [ ? ] HOLE,SHOP,PAN,BIRD,PORT,CAT,PORT,Level 3
HERE [ ? ] NOON,AFTER,RUN,IN,SUIT,BOUND,AFTER,Level 1
HOUSE [ ? ] MAN,DAY,BOAT,BOX,DIVE,HAND,BOAT,Level 2
LIFE [ ? ] HOUSE,OFF,TAKE,MOST,BOAT,WALK,BOAT,Level 3
COLD [ ? ] ED,LOOK,HANG,MOST,OUT,BLOOD,BLOOD,Level 3
WALL [ ? ] BOY,CARD,PUT,CLUB,PAPER,HOLE,PAPER,Level 1
CORK [ ? ] DRIVER,WATCH,LONG,DOM,STICK,SCREW,SCREW,Level 2
MID [ ? ] TIME,NIGHT,SET,BOARD,LINER,MEAL,NIGHT,Level 2
ARCH [ ? ] SIDE,WAY,BREAK,FISH,WASH,WARE,WAY,Level 2
LOW [ ? ] LORD,SLIDE,OVER,NIGHT,BOOK,LAND,LAND,Level 1
HONEY [ ? ] LIGHT,WORK,MOON,UP,GROW,HAND,MOON,Level 2
BEAN [ ? ] PIPE,LINE,DO,BOARD,LAY,BAG,BAG,Level 3
LEFT [ ? ] COAT,OVER,SHELF,HOUND,WAY,BALL,OVER,Level 2
BALL [ ? ] MATE,PRINT,ROOM,STAND,WAY,TIMER,ROOM,Level 3
OVER [ ? ] TH,GROW,PRINT,STREAM,LAND,CAT,GROW,Level 1
FIRE [ ? ] WORK,LOOK,WOOD,BOY,CAST,FLY,WOOD,Level 3
EVER [ ? ] HOUSE,TURN,WAY,STOCK,GREEN,TIMER,GREEN,Level 1
OUT [ ? ] DOWN,BREAK,OVER,MAN,OUT,HAND,BREAK,Level 3
BY [ ? ] WORD,PASS,GO,LIFT,ROOM,GREEN,PASS,Level 2
LAND [ ? ] SHIP,COAT,END,TOP,LORD,BOAT,LORD,Level 3
BANK [ ? ] BOOK,NOTE,BREAD,WAY,CASE,LASH,NOTE,Level 2
SOFT [ ? ] HOUSE,CREAM,PORT,WARE,BACK,DIVE,WARE,Level 3
NUT [ ? ] JACK,RING,CRACKER,STICK,TIMER,LASH,CRACKER,Level 3
CHESS [ ? ] ROOM,BOARD,NOTE,WAY,POUR,OUT,BOARD,Level 2
BED [ ? ] MATE,BORN,ROOM,STICK,DOWN,TIME,ROOM,Level 3
OUT [ ? ] WALK,SIDE,TIME,LAW,HAND,KNIFE,SIDE,Level 1
KEY [ ? ] LOCK,PAD,SHELF,DO,BALL,GREEN,PAD,Level 2
JET [ ? ] NOTE,SHIP,REACH,LINER,WAY,BOARD,LINER,Level 2
OVER [ ? ] TOP,FIELD,WORK,BLOOD,LAP,GROW,LAP,Level 3
HOUSE [ ? ] UP,DAY,SHAKE,HOLD,BALL,BOOK,HOLD,Level 1
MESS [ ? ] LESS,WING,DOG,CREAM,TOP,AGE,AGE,Level 2
BLACK [ ? ] WALK,OFF,SMITH,WAY,CASE,BOARD,BOARD,Level 3
FOR [ ? ] AWAY,BIRD,SOME,TAKER,MILL,GIVE,GIVE,Level 1
SKY [ ? ] HOUSE,LIGHT,TURN,LAY,BACK,WORD,LIGHT,Level 2
EYE [ ? ] OUT,DAY,LASH,STONE,BOX,OVER,LASH,Level 2
LIFE [ ? ] HAND,SIGHT,MOON,OUT,BALL,LONG,LONG,Level 2
FIRE [ ? ] ROOM,BALL,NOTE,LIFT,ARM,LORD,BALL,Level 3
NO [ ? ] GUARD,BAG,BODY,THROW,SET,LETTER,BODY,Level 2
GOLD [ ? ] BOWL,DOG,STAND,TOP,GROUND,FISH,FISH,Level 3
MILK [ ? ] DOWN,LOOK,SHAKE,WAY,BOY,OVER,SHAKE,Level 1
RATTLE [ ? ] SKIN,PASS,SNAKE,BACK,MADE,QUAKE,SNAKE,Level 2
FROST [ ? ] SIZE,FOOT,HOOD,BITE,HOUSE,SIGHT,BITE,Level 3
CAT [ ? ] WAY,AFTER,WALK,CARD,POINT,MEAL,WALK,Level 1
JACK [ ? ] HOLE,WATCH,POT,GO,MOST,OVER,POT,Level 2
WAY [ ? ] WALK,BAG,FLOW,COCK,TAKER,SIDE,SIDE,Level 3
CARD [ ? ] WALK,BAG,PHONE,PORT,BOARD,HOUSE,BOARD,Level 1
BARE [ ? ] PRINT,POT,WASH,UP,HOUSE,FOOT,FOOT,Level 3
ROAD [ ? ] SIDE,SEAS,SHIP,THROW,OUT,WAY,WAY,Level 3
EYE [ ? ] ROOM,BALL,SIDE,DROP,LIGHT,FIRE,BALL,Level 1
MEAT [ ? ] ROOM,BREAD,POUR,STONE,BOARD,BALL,BALL,Level 1
DROP [ ? ] SIDE,PAD,LAND,WASH,OUT,FLY,OUT,Level 3
ARM [ ? ] MAN,PIT,BULL,CHAIR,REST,BAND,CHAIR,Level 1
BACK [ ? ] YARD,BONE,DROP,PACK,SIDE,GROUND,BONE,Level 2
BALL [ ? ] MATE,PARK,ROOM,BOY,GAME,POINT,ROOM,Level 1
BAND [ ? ] MASTER,STAND,WAGON,AID,WIDTH,PASS,WAGON,Level 2
BANK [ ? ] BOOK,ROLL,NOTE,RUPT,ACCOUNT,CARD,NOTE,Level 1
BARE [ ? ] FOOT,HEAD,BACK,FACE,HAND,THREAD,FOOT,Level 1
BASE [ ? ] BALL,MENT,BOARD,LINE,MAN,NET,LINE,Level 2
BATH [ ? ] ROOM,TUB,MAT,ROBE,HOUSE,WATER,ROOM,Level 1
BED [ ? ] TIME,ROOM,SHEET,POST,ROCK,ROLL,TIME,Level 1
BIRTH [ ? ] DAY,MARK,PLACE,RIGHT,STONE,RATE,DAY,Level 1
BLACK [ ? ] BIRD,BOARD,SMITH,MAIL,OUT,BERRY,SMITH,Level 2
BLOOD [ ? ] HOUND,SHED,STREAM,STAIN,TYPE,LINE,HOUND,Level 2
BLUE [ ? ] BIRD,PRINT,BELL,BERRY,GRASS,BOOK,PRINT,Level 2
BOARD [ ? ] WALK,ROOM,GAME,SIDE,CAST,ING,WALK,Level 1
BOB [ ? ] CAT,SLED,TAIL,WHITE,OL,BY,CAT,Level 2
BODY [ ? ] GUARD,WORK,BUILD,SUIT,SLAM,SNATCH,GUARD,Level 1
BOOK [ ? ] MARK,CASE,WORM,SHELF,STORE,END,MARK,Level 1
BOW [ ? ] TIE,MAN,STRING,LEGGED,SPRIT,LINE,TIE,Level 2
BOX [ ? ] CAR,WOOD,OFFICE,KITE,TOP,SPRING,CAR,Level 1
BRAIN [ ? ] STORM,WASH,CHILD,DEAD,POWER,PAN,STORM,Level 2
BREAK [ ? ] FAST,DOWN,NECK,POINT,WATER,DANCE,FAST,Level 1
BROAD [ ? ] CAST,WAY,BAND,SIDE,MIND,SHEET,CAST,Level 2
BULL [ ? ] DOG,FROG,DOZER,FIGHT,PEN,RING,DOG,Level 1
BUS [ ? ] STOP,DRIVER,LINE,LOAD,MAN,FARE,STOP,Level 1
BUTTER [ ? ] FLY,MILK,CUP,SCOTCH,KNIFE,NUT,FLY,Level 1
BY [ ? ] PASS,LAW,WAY,GONE,STAND,LINE,PASS,Level 2
CAMP [ ? ] FIRE,GROUND,SITE,STOOL,OUT,ING,FIRE,Level 1
CANDLE [ ? ] STICK,LIGHT,POWER,WICK,MAKER,END,STICK,Level 2
CAR [ ? ] PORT,GO,LOAD,PET,POOL,SICK,PORT,Level 1
CARD [ ? ] BOARD,SHARP,HOLDER,TABLE,GAME,PLAY,BOARD,Level 1
CARE [ ? ] FREE,TAKER,WORN,LESS,FULL,GIVER,FREE,Level 2
CASE [ ? ] WORK,HARDEN,LOAD,MATE,BOOK,MENT,WORK,Level 2
CAST [ ? ] AWAY,OFF,IRON,DOWN,NET,ING,AWAY,Level 2
CAT [ ? ] WALK,NIP,FISH,CALL,TAIL,BIRD,WALK,Level 1
CHAIR [ ? ] MAN,WOMAN,PERSON,LIFT,BACK,LEG,MAN,Level 1
CHECK [ ? ] OUT,BOOK,MATE,POINT,LIST,UP,OUT,Level 2
CHEESE [ ? ] CAKE,CLOTH,BOARD,BURGER,STEAK,HEAD,CAKE,Level 1
CHESS [ ? ] BOARD,MAN,PIECE,MATE,SET,NUT,BOARD,Level 2
CHICK [ ? ] PEA,WEED,EN,COOP,LIT,LET,PEA,Level 3
CLASS [ ? ] ROOM,MATE,WORK,IC,IFY,ONE,ROOM,Level 1
CLOCK [ ? ] WISE,WORK,FACE,TOWER,MAKER,WATCH,WISE,Level 2
COAL [ ? ] MINE,FIELD,DUST,BIN,SCUTTLE,BLACK,MINE,Level 1
COAST [ ? ] LINE,GUARD,AL,WISE,ER,LAND,LINE,Level 2
COCK [ ? ] TAIL,PIT,SURE,EYE,CROW,FIGHT,TAIL,Level 2
COLD [ ? ] BLOOD,HEART,FOOT,SNAP,FRONT,CREAM,BLOOD,Level 3
COME [ ? ] BACK,DOWN,IN,ON,OUT,UP,BACK,Level 1
COMMON [ ? ] WEALTH,PLACE,SENSE,LAW,MAN,ER,WEALTH,Level 3
COPY [ ? ] RIGHT,CAT,BOOK,EDIT,READ,HOLDER,RIGHT,Level 2
CORK [ ? ] SCREW,BOARD,WOOD,TREE,UP,LINE,SCREW,Level 2
CORN [ ? ] MEAL,FIELD,BREAD,FLAKE,STALK,COB,MEAL,Level 1
COUNT [ ? ] DOWN,LESS,OUT,ER,RY,ING,DOWN,Level 2
COUNTRY [ ? ] SIDE,MAN,CLUB,FOLK,WOMAN,BOY,SIDE,Level 1
COURT [ ? ] YARD,HOUSE,ROOM,SHIP,SIDE,CASE,YARD,Level 2
COVER [ ? ] UP,LET,ALL,AGE,ING,ED,UP,Level 1
COW [ ? ] BOY,HIDE,BELL,HAND,SLIP,SHED,BOY,Level 1
CROSS [ ? ] BOW,ROAD,WALK,WORD,BAR,FIRE,BOW,Level 1
CUP [ ? ] BOARD,CAKE,FUL,BEARER,PAULE,LET,BOARD,Level 1
CUT [ ? ] OFF,THROAT,AWAY,BACK,OUT,UP,OFF,Level 1
DAY [ ? ] LIGHT,TIME,BREAK,DREAM,BED,BOOK,LIGHT,Level 1
DEAD [ ? ] LINE,LOCK,WOOD,PAN,BEAT,EYE,LINE,Level 2
DECK [ ? ] HAND,CHAIR,HOUSE,PLATE,TOP,ING,HAND,Level 2
DEEP [ ? ] SEA,FREEZE,DISH,ROOT,SET,WELL,SEA,Level 1
DISH [ ? ] WASHER,WATER,CLOTH,PAN,RAG,WARE,WASHER,Level 2
DOG [ ? ] HOUSE,WOOD,CATCHER,FIGHT,EAR,TAG,HOUSE,Level 1
DOOR [ ? ] MAN,WAY,BELL,MAT,STEP,KNOB,MAN,Level 1
DOWN [ ? ] CAST,POUR,FALL,RIGHT,HILL,TOWN,CAST,Level 2
DRAW [ ? ] BRIDGE,BACK,STRING,KNIFE,EE,ER,BRIDGE,Level 2
DRIVE [ ? ] WAY,IN,SHAFT,TRAIN,ABILITY,ER,WAY,Level 1
DROP [ ? ] OUT,LET,DOWN,KICK,OFF,OVER,OUT,Level 1
DRY [ ? ] CLEAN,DOCK,WALL,GOODS,ROT,RUN,CLEAN,Level 2
DUST [ ? ] PAN,BIN,MOP,RAG,STORM,MAN,PAN,Level 1
EAR [ ? ] RING,PHONE,DRUM,MARK,SHOT,ACHE,RING,Level 1
EARTH [ ? ] QUAKE,WORM,WORK,BOUND,RISE,EN,QUAKE,Level 1
EAST [ ? ] BOUND,ERN,ER,WARD,SIDE,MAN,BOUND,Level 2
EGG [ ? ] HEAD,SHELL,PLANT,NOG,BEATER,CUP,HEAD,Level 2
ELSE [ ? ] WHERE,WISE,ONE,BODY,THING,HOW,WHERE,Level 1
END [ ? ] LESS,POINT,GAME,ING,ALL,WISE,LESS,Level 1
EVER [ ? ] GREEN,LAST,MORE,GLADES,BODY,ONE,GREEN,Level 1
EYE [ ? ] BALL,LASH,SIGHT,BROW,LID,WITNESS,BALL,Level 1
FACE [ ? ] LIFT,LESS,OFF,PLATE,BOOK,DOWN,LIFT,Level 2
FAIR [ ? ] GROUND,WAY,PLAY,WEATHER,NESS,LY,GROUND,Level 2
FALL [ ? ] OUT,EN,ING,BACK,DOWN,OFF,OUT,Level 1
FAR [ ? ] REACH,SIGHT,AWAY,THER,OUT,OFF,REACH,Level 2
FARM [ ? ] HOUSE,YARD,HAND,LAND,STEAD,ER,HOUSE,Level 1
FAST [ ? ] FOOD,BALL,BACK,TRACK,FORWARD,NESS,FOOD,Level 1
FATHER [ ? ] LAND,HOOD,LESS,LY,FIGURE,INLAW,LAND,Level 2
FEED [ ? ] BACK,BAG,STOCK,LOT,ER,ING,BACK,Level 2
FIELD [ ? ] WORK,TRIP,GLASS,DAY,GOAL,MOUSE,WORK,Level 1
FIRE [ ? ] ARM,FLY,MAN,WORKS,PLACE,WOOD,ARM,Level 2
FISH [ ? ] BOWL,HOOK,NET,MARKET,WIFE,MONGER,BOWL,Level 1
FLASH [ ? ] BACK,LIGHT,POINT,BULB,CUBE,CARD,BACK,Level 2
FLAT [ ? ] FOOT,WARE,BOAT,IRON,BED,TOP,FOOT,Level 2
FLY [ ? ] OVER,WHEEL,LEAF,PAPER,WAY,WEIGHT,OVER,Level 2
FOOT [ ? ] BALL,STEP,PRINT,NOTE,PATH,HOLD,BALL,Level 1
FOR [ ? ] GIVE,BEAR,SAKE,WARD,BID,GET,GIVE,Level 1
FORE [ ? ] ARM,CAST,HEAD,FATHER,SEE,RUNNER,ARM,Level 2
FOX [ ? ] HOLE,HOUND,GLOVE,TAIL,FIRE,TROT,HOLE,Level 2
FREE [ ? ] WAY,DOM,LOAD,HAND,MAN,STONE,WAY,Level 1
FRESH [ ? ] WATER,MAN,ET,LY,NESS,ER,WATER,Level 2
FROG [ ? ] MAN,MARCH,SPAWN,LEG,GIG,BIT,MAN,Level 2
FRONT [ ? ] LINE,PAGE,MAN,DOOR,ROOM,AGE,LINE,Level 2
FROST [ ? ] BITE,ING,ED,WORK,NIP,FREE,BITE,Level 2
FULL [ ? ] BACK,BLOOD,GROWN,HOUSE,MOON,TIME,BACK,Level 2
GAME [ ? ] KEEPER,COCK,PLAN,POINT,ROOM,WARDEN,KEEPER,Level 2
GANG [ ? ] WAY,PLANK,STER,LAND,RENE,UP,WAY,Level 2
GATE [ ? ] WAY,KEEPER,HOUSE,POST,MAN,CRASH,WAY,Level 1
GENTLE [ ? ] MAN,WOMAN,FOLK,NESS,LY,MEN,MAN,Level 1
GINGER [ ? ] BREAD,SNAP,ALE,ROOT,CAKE,MAN,BREAD,Level 1
GLASS [ ? ] WARE,BLOW,HOUSE,WORK,EYE,TOP,WARE,Level 2
GO [ ? ] CART,BETWEEN,GET,AHEAD,ROUND,DOWN,CART,Level 2
GOLD [ ? ] DUST,FISH,MINE,SMITH,FINCH,RUSH,DUST,Level 1
GOOD [ ? ] WILL,BYE,NIGHT,DAY,LOOK,NESS,WILL,Level 1
GRAND [ ? ] SON,FATHER,MOTHER,PARENT,STAND,CHILD,SON,Level 1
GRAPE [ ? ] FRUIT,VINE,SHOT,SUGAR,STONE,JUICE,FRUIT,Level 1
GRASS [ ? ] HOPPER,LAND,ROOT,WIDOW,SNAKE,PLOT,HOPPER,Level 1
GRAVE [ ? ] YARD,STONE,DIGGER,SIDE,CLOTHES,NESS,YARD,Level 2
GRAY [ ? ] BEARD,SCALE,LAG,HOUND,WACK,AREA,BEARD,Level 3
GREASE [ ? ] PAINT,WOOD,MONKEY,PROOF,TRAP,BALL,PAINT,Level 3
GREEN [ ? ] HOUSE,BACK,HORN,SWARD,ROOM,GROCER,HOUSE,Level 1
GRID [ ? ] IRON,LOCK,DLE,WORK,CAKE,STONE,IRON,Level 3
GRIND [ ? ] STONE,ER,ING,WHEEL,HOUSE,ORGAN,STONE,Level 3
GROUND [ ? ] WORK,NUT,HOG,SWELL,LESS,FLOOR,WORK,Level 2
GROWN [ ? ] UP,S,ING,ER,EST,TH,UP,Level 1
GUARD [ ? ] HOUSE,ROOM,RAIL,IAN,SMAN,DOG,HOUSE,Level 2
GUEST [ ? ] ROOM,HOUSE,BOOK,WORK,STAR,LIST,ROOM,Level 2
GUIDE [ ? ] BOOK,POST,LINE,STONE,WORD,BOARD,BOOK,Level 2
GULF [ ? ] STREAM,PORT,WEED,COAST,SIDE,WAR,STREAM,Level 2
GUM [ ? ] DROP,SHOE,TREE,BOIL,WOOD,BALL,DROP,Level 1
GUN [ ? ] BOAT,FIRE,POWDER,MAN,SMITH,SHOT,BOAT,Level 1
HACK [ ? ] SAW,WORK,NEY,LE,ER,MAN,SAW,Level 2
HAIL [ ? ] STONE,STORM,FELLOW,SHOT,ER,ING,STONE,Level 2
HAIR [ ? ] BRUSH,CUT,LINE,PIN,SPRAY,NET,BRUSH,Level 1
HALF [ ? ] WAY,BACK,TIME,WIT,HEART,PENNY,WAY,Level 1
HALL [ ? ] MARK,WAY,BOY,MAN,ROOM,STAND,MARK,Level 2
HAMMER [ ? ] HEAD,TOE,LOCK,SMITH,LESS,OUT,HEAD,Level 2
HAM [ ? ] STRING,BURGER,BONE,FAT,LET,MER,STRING,Level 2
HAND [ ? ] BAG,CUFF,MADE,BOOK,SHAKE,WRITING,BAG,Level 1
HANG [ ? ] NAIL,OVER,MAN,OUT,DOG,UP,NAIL,Level 2
HAP [ ? ] HAZARD,PEN,LESS,LY,PY,NESS,HAZARD,Level 3
HARD [ ? ] WARE,WOOD,BACK,BALL,HEAD,TOP,WARE,Level 1
HARE [ ? ] BRAINED,LIP,BELL,HOUND,FOOT,TAIL,BRAINED,Level 3
HARVEST [ ? ] MOON,TIME,ER,ING,MAN,FLY,MOON,Level 3
HAT [ ? ] BOX,BAND,RACK,PIN,STAND,TRICK,BOX,Level 1
HAY [ ? ] STACK,LOFT,MOW,SEED,WIRE,MAKER,STACK,Level 1
HAZEL [ ? ] NUT,WOOD,EYE,GROUSE,WORT,HEN,NUT,Level 2
HEAD [ ? ] LINE,ACHE,LIGHT,MASTER,QUARTER,STONE,LINE,Level 1
HEART [ ? ] ACHE,BEAT,BREAK,BURN,THROB,FELT,ACHE,Level 1
HEAVY [ ? ] WEIGHT,SET,HAND,DUTY,SIDE,HEART,WEIGHT,Level 2
HEDGE [ ? ] HOP,ROW,HOG,SPARROW,SCHOOL,MAKER,HOP,Level 3
HEIR [ ? ] LOOM,ESS,SHIP,APP,DOM,LINE,LOOM,Level 3
HELL [ ? ] BENT,FIRE,CAT,HOUND,HOLE,BOX,BENT,Level 3
HELP [ ? ] MEET,MATE,LESS,FUL,ER,ING,MEET,Level 3
HEM [ ? ] STITCH,LINE,LOCK,MING,MER,SPHERE,STITCH,Level 3
HENCE [ ? ] FORTH,FORWARD,WISE,EVER,MAN,LY,FORTH,Level 3
HEN [ ? ] CHMAN,PECK,HOUSE,COOP,BANE,WIFE,CHMAN,Level 3
HERE [ ? ] AFTER,ABOUT,IN,BY,WITH,OF,AFTER,Level 1
HERRING [ ? ] BONE,GULL,POND,ER,AID,SIDE,BONE,Level 3
HEY [ ? ] DAY,MAKER,RICK,SEED,WIRE,STACK,DAY,Level 3
HIDE [ ? ] AWAY,OUT,BOUND,SKIN,ING,ER,AWAY,Level 2
HIGH [ ? ] WAY,LIGHT,LAND,CHAIR,SCHOOL,ROAD,WAY,Level 1
HILL [ ? ] SIDE,TOP,LOCK,BILLY,OCK,SIDE,SIDE,Level 1
HIND [ ? ] SIGHT,QUARTER,MOST,ER,LEG,BRAIN,SIGHT,Level 2
HIP [ ? ] BONE,HOP,STER,POCKET,JOINT,ROOF,BONE,Level 2
HITCH [ ? ] HIKE,COCK,ER,ING,UP,POST,HIKE,Level 2
HOAR [ ? ] FROST,Y,HOUND,HEAD,STONE,DOG,FROST,Level 3
HOBBY [ ? ] HORSE,IST,ING,SHOP,ROOM,FARM,HORSE,Level 2
HOBO [ ? ] NAIL,ISM,LIKE,LAND,DOM,S,NAIL,Level 3
HODGE [ ? ] PODGE,MAN,PO,SON,KIN,HILL,PODGE,Level 3
HOG [ ? ] TIE,WASH,BACK,NOSE,HEAD,PEN,TIE,Level 3
HOLD [ ? ] OVER,UP,OUT,ALL,BACK,FAST,OVER,Level 2
HOLE [ ? ] SOME,DIGGER,MAN,SHOT,PROOF,WORTH,SOME,Level 2
HOLLOW [ ? ] WARE,LOG,NESS,ER,ING,HEART,WARE,Level 3
HOME [ ? ] LAND,MADE,WORK,SICK,STEAD,COMING,LAND,Level 1
HONEY [ ? ] MOON,COMB,SUCKLE,DEW,BEE,BUNCH,MOON,Level 1
HOOK [ ? ] UP,WORM,NOSE,SHOT,LINE,LET,UP,Level 2
HOP [ ? ] SCOTCH,PER,PING,HEAD,VINE,YARD,SCOTCH,Level 2
HORSE [ ? ] BACK,SHOE,POWER,MAN,PLAY,FLY,BACK,Level 1
HOT [ ? ] BED,DOG,HEAD,HOUSE,CAKE,PLATE,BED,Level 1
HOUR [ ? ] GLASS,HAND,LY,PLATE,LONG,MAN,GLASS,Level 1
HOUSE [ ? ] BOAT,HOLD,WIFE,WORK,KEEPER,FLY,BOAT,Level 1
HOVER [ ? ] CRAFT,FLY,ING,ER,PORT,PLANE,CRAFT,Level 3
HUCKLE [ ? ] BERRY,BONE,BACK,FOOT,HEAD,ROOT,BERRY,Level 3
HUMBLE [ ? ] BEE,NESS,ER,PIE,BUG,BRAG,BEE,Level 3
HUMP [ ? ] BACK,TY,LESS,ER,ING,HEAD,BACK,Level 2
HUNDRED [ ? ] FOLD,WEIGHT,TH,S,AIRE,MAN,FOLD,Level 3
HURLY [ ? ] BURLY,GURLY,CURLY,WHIRLY,DIRLY,GIRLY,BURLY,Level 3
ICE [ ? ] BERG,CREAM,BOX,BREAKER,SKATE,MAN,BERG,Level 1
ILL [ ? ] BRED,WILL,NESS,TREATED,FATED,GOTTEN,BRED,Level 3
IN [ ? ] COME,LAND,SIDE,LAY,LET,MATE,COME,Level 1
INK [ ? ] WELL,STAND,POT,BLOT,HEAD,HORN,WELL,Level 2
IRON [ ? ] CLAD,SIDE,WORK,WARE,MONGER,FIST,CLAD,Level 2
JACK [ ? ] KNIFE,POT,ASS,BOOT,ET,SCREW,KNIFE,Level 1
JAIL [ ? ] BIRD,BREAK,HOUSE,ER,KEEPER,YARD,BIRD,Level 1
JAW [ ? ] BONE,BREAKER,LINE,FISH,DROP,HOLD,BONE,Level 2
JAY [ ? ] WALK,BIRD,HAWK,VE,CALL,BLUE,WALK,Level 2
JELLY [ ? ] BEAN,FISH,ROLL,S,LIKE,MAN,BEAN,Level 1
JERK [ ? ] WATER,Y,INESS,ING,OFF,HEAD,WATER,Level 3
JERRY [ ? ] BUILD,CAN,RIG,MANDER,BOAT,HAT,BUILD,Level 3
JET [ ? ] LINER,PORT,SAM,SET,STREAM,PACK,LINER,Level 2
JEWEL [ ? ] WEED,BOX,CASE,LER,RY,SMITH,WEED,Level 3
JIG [ ? ] SAW,BORE,TIME,GLER,GER,DANCE,SAW,Level 2
JINGLE [ ? ] BELL,S,ER,ING,MAN,BOY,BELL,Level 3
JOINT [ ? ] WORM,STOCK,LY,URE,ED,LESS,WORM,Level 3
JOY [ ? ] RIDE,STICK,FUL,OUS,LESS,AB,RIDE,Level 2
JUDG [ ? ] MENT,ES,ING,ER,ED,MENTAL,MENT,Level 2
JUMP [ ? ] SUIT,OFF,START,ER,ING,UP,SUIT,Level 2
JURY [ ? ] MAN,RIG,BOX,ROOM,WOMAN,LIST,MAN,Level 2
KEEL [ ? ] HAUL,SON,BOAT,MAN,LESS,ING,HAUL,Level 3
KEEP [ ? ] SAKE,ER,ING,UP,OUT,OFF,SAKE,Level 2
KEY [ ? ] BOARD,HOLE,NOTE,STONE,WORD,PAD,BOARD,Level 1
KICK [ ? ] BACK,OFF,STAND,START,ER,ING,BACK,Level 2
KILL [ ? ] JOY,DEER,ER,ING,TIME,OFF,JOY,Level 2
KILO [ ? ] WATT,GRAM,METER,BYTE,LITER,TON,WATT,Level 2
KIND [ ? ] HEARTED,NESS,LY,ER,RED,EST,HEARTED,Level 2
KING [ ? ] FISHER,PIN,DOM,SHIP,LY,CUP,FISHER,Level 2
KINS [ ? ] FOLK,MAN,WOMAN,SHIP,MEN,LY,FOLK,Level 3
KNEE [ ? ] CAP,PAD,DEEP,HIGH,HOLE,BONE,CAP,Level 1
KNIFE [ ? ] EDGE,POINT,BLADE,MAN,WORK,LIKE,EDGE,Level 2
KNIT [ ? ] WEAR,WORK,TING,TER,PICK,STITCH,WEAR,Level 2
KNOCK [ ? ] OUT,DOWN,ABOUT,KNEE,OFF,UP,OUT,Level 2
KNOT [ ? ] HOLE,HEAD,WEED,WORK,GRASS,LIKE,HOLE,Level 2
KNOW [ ? ] HOW,LEDGE,ING,NOTHING,ABLE,ALL,HOW,Level 2
KNUCKLE [ ? ] BONE,HEAD,BALL,DOWN,UNDER,DUSTER,BONE,Level 2
LABOR [ ? ] SAVING,ER,IOUS,ITE,ATOR,DAY,SAVING,Level 3
LACE [ ? ] WING,WORK,MAKER,WOOD,BARK,MAN,WING,Level 2
LACK [ ? ] LUSTER,ADAY,ING,NESS,ER,LAND,LUSTER,Level 3
LADY [ ? ] BUG,FINGER,BIRD,LIKE,SHIP,LOVE,BUG,Level 1
LAMB [ ? ] SKIN,CHOPS,WOOL,LIKE,KIN,ER,SKIN,Level 2
LAME [ ? ] BRAIN,DUCK,NESS,LY,ER,BACK,BRAIN,Level 3
LAMP [ ? ] BLACK,LIGHT,POST,SHADE,STAND,WICK,BLACK,Level 2
LAND [ ? ] LORD,MARK,LADY,SLIDE,SCAPE,MINE,LORD,Level 1
LAP [ ? ] DOG,TOP,BOARD,WING,ROBE,FUL,DOG,Level 1
LARD [ ? ] ER,Y,STONE,OIL,UP,ING,ER,Level 3
LARK [ ? ] SPUR,HEAD,WING,SONG,FINCH,LIKE,SPUR,Level 3
LAW [ ? ] SUIT,MAKER,GIVER,BREAKER,FUL,LESS,SUIT,Level 1
LAY [ ? ] AWAY,OUT,OFF,OVER,UP,DOWN,AWAY,Level 2
LAZY [ ? ] BONES,SUSAN,NESS,LY,ER,BOY,BONES,Level 2
LEAD [ ? ] POISONING,ER,ING,OFF,MAN,TIME,POISONING,Level 3
LEAF [ ? ] HOPPER,LET,LESS,Y,AGE,STALK,HOPPER,Level 2
LEAK [ ? ] PROOF,AGE,Y,ING,ER,OUT,PROOF,Level 2
LEAP [ ? ] FROG,YEAR,OVER,ING,ER,MAN,FROG,Level 2
LEASE [ ? ] HOLD,ER,ING,ED,ABLE,MAN,HOLD,Level 3
LEFT [ ? ] OVER,HAND,WING,IST,MOST,WARD,OVER,Level 2
LEG [ ? ] ROOM,WORK,MAN,END,LESS,ING,ROOM,Level 2
LETTER [ ? ] HEAD,BOX,PRESS,CARRIER,MAN,WRITER,HEAD,Level 1
LEVEL [ ? ] HEADED,NESS,ER,ING,LY,CROSSING,HEADED,Level 2
LIFE [ ? ] TIME,BOAT,GUARD,LONG,BLOOD,LESS,TIME,Level 1
LIFT [ ? ] OFF,GATE,MAN,ER,ING,UP,OFF,Level 1
LIGHT [ ? ] HOUSE,WEIGHT,NING,HEADED,HEARTED,YEAR,HOUSE,Level 1
LIKE [ ? ] WISE,NESS,LY,LIHOOD,ABLE,MINDED,WISE,Level 2
LILY [ ? ] PAD,WHITE,LIVERED,POND,OF,VALLEY,PAD,Level 2
LIME [ ? ] LIGHT,STONE,KILN,WATER,JUICE,ADE,LIGHT,Level 1
LINE [ ? ] MAN,BACKER,UP,WORK,SHOOT,SIDE,MAN,Level 1
LINK [ ? ] AGE,MAN,BOY,UP,ING,ER,AGE,Level 2
LIN [ ? ] SEED,EN,ING,ER,O,SEY,SEED,Level 3
LIP [ ? ] STICK,READ,SYNC,SMACK,LIKE,LESS,STICK,Level 1
LIQUID [ ? ] DATE,ATION,ITY,AMBAR,IZER,LESS,DATE,Level 3
LIST [ ? ] LESS,ING,ER,EN,ED,ABLE,LESS,Level 2
LISTEN [ ? ] ER,ING,ABLE,ED,S,POST,ER,Level 2
LITHO [ ? ] GRAPH,TYPE,LOGY,PHERE,SOL,PHYTE,GRAPH,Level 3
LIVE [ ? ] STOCK,LONG,LIHOOD,WIRE,OAK,LY,STOCK,Level 1
LOAD [ ? ] STONE,STAR,ER,ING,ED,MASTER,STONE,Level 3
LOAF [ ? ] ER,ING,SUGAR,BREAD,CAKE,MEAT,ER,Level 2
LOB [ ? ] STER,BY,O,COCK,WORM,TAIL,STER,Level 2
LOCK [ ? ] SMITH,OUT,JAW,UP,STEP,DOWN,SMITH,Level 1
LOCO [ ? ] MOTIVE,WEED,MOTION,MOBILE,MOTOR,MAN,MOTIVE,Level 2
LODE [ ? ] STAR,STONE,MAN,MINE,SHIP,RUNNER,STAR,Level 3
LOFT [ ? ] Y,INESS,ILY,ER,ING,MAN,Y,Level 2
LOG [ ? ] BOOK,WOOD,ROLL,JAM,HEAD,HOUSE,BOOK,Level 1
LOLLI [ ? ] POP,GAG,G,MAN,CAT,TOP,POP,Level 1
LONG [ ? ] HAND,BOW,HORN,HOUSE,HAIR,TIME,HAND,Level 1
LOOK [ ? ] OUT,ING,ER,SEE,ALIKE,UP,OUT,Level 1
LOOP [ ? ] HOLE,BACK,LINE,THE,OVER,ING,HOLE,Level 2
LOOSE [ ? ] LEAF,NED,LY,NING,BOX,LIPS,LEAF,Level 2
LORD [ ? ] SHIP,LY,LING,LESS,MASTER,MAN,SHIP,Level 2
LOUD [ ? ] MOUTH,SPEAKER,NESS,LY,HAILER,CALL,MOUTH,Level 2
LOVE [ ? ] BIRD,LORN,SICK,LY,LESS,ABLE,BIRD,Level 1
LOW [ ? ] LAND,DOWN,BOY,BORN,BRED,BROW,LAND,Level 1
LU [ ? ] CID,NATIC,K,KEWARM,TE,CENT,CID,Level 3
LUCK [ ? ] Y,LESS,ILY,INESS,NOW,OUT,Y,Level 2
LULL [ ? ] ABY,ED,ING,S,ER,TIME,ABY,Level 2
LUMBER [ ? ] JACK,YARD,MAN,MILL,ROOM,WAGON,JACK,Level 2
LUMP [ ? ] Y,SUM,ISH,ING,KIN,SUGAR,Y,Level 2
LUNCH [ ? ] ROOM,EON,BOX,TIME,BAG,MEAT,ROOM,Level 1
LUNG [ ? ] FISH,WORM,FUL,POWER,LESS,WORT,FISH,Level 2
LURCH [ ? ] ER,ING,ES,ED,MENT,LINE,ER,Level 3
LUST [ ? ] Y,FUL,ROUS,INESS,ILY,LESS,Y,Level 2
MAD [ ? ] MAN,HOUSE,CAP,WOMAN,NESS,LY,MAN,Level 1
MAGA [ ? ] ZINE,NET,LOG,SCOPE,TON,PHONE,ZINE,Level 2
MAID [ ? ] SERVANT,EN,ENHEAD,ENHOOD,ENLY,LESS,SERVANT,Level 2
MAIL [ ? ] BOX,MAN,BAG,ROOM,BOAT,ORDER,BOX,Level 1
MAIN [ ? ] LAND,STREAM,SAIL,SPRING,MAST,STAY,LAND,Level 1
MAKE [ ? ] UP,SHIFT,BELIEVE,WEIGHT,OVER,OUT,UP,Level 1
MAN [ ? ] HOOD,KIND,POWER,HOLE,SLAUGHTER,SERVANT,HOOD,Level 1
MAR [ ? ] BLE,KET,GIN,ROW,SH,TIN,BLE,Level 2
MARE [ ? ] S,NEST,TAIL,BASE,HEAD,MAN,S,Level 2
MARI [ ? ] GOLD,TIME,NE,NA,NER,TAL,GOLD,Level 2
MARKET [ ? ] PLACE,ABLE,ING,ER,MAN,DAY,PLACE,Level 1
MARKS [ ? ] MAN,WOMAN,SHIP,PAPER,WORTHY,CARD,MAN,Level 2
MARL [ ? ] LINE,ING,IT,ITE,STONE,PIT,LINE,Level 3
MARMA [ ? ] LADE,SET,RE,DUKE,LIT,LUCK,LADE,Level 2
MARSH [ ? ] MALLOW,LAND,GAS,HEN,WORT,MALLOW,MALLOW,Level 2
MASK [ ? ] ING,ER,ED,LIKE,LESS,MAN,ING,Level 2
MASON [ ? ] RY,IC,ITE,JAR,WORK,BEE,RY,Level 2
MAST [ ? ] HEAD,ER,ING,LESS,POLE,TOP,HEAD,Level 2
MATCH [ ? ] BOX,MAKER,STICK,LOCK,WOOD,BOOK,BOX,Level 1
MATE [ ? ] S,LESS,LY,R,Y,MAN,S,Level 2
MAY [ ? ] FLOWER,BE,DAY,FLY,POLE,APPLE,FLOWER,Level 1
MAZE [ ? ] D,LIKE,MENT,RY,ER,WAY,D,Level 2
MEADOW [ ? ] LARK,SWEET,LAND,GRASS,SAFFRON,MOUSE,LARK,Level 2
MEAL [ ? ] TIME,IE,Y,TICKET,WORM,MAN,TIME,Level 1
MEAN [ ? ] TIME,WHILE,NESS,ING,LY,WELL,TIME,Level 1
MEAT [ ? ] BALL,HEAD,PACKER,MAN,LOAF,PIE,BALL,Level 1
MECHAN [ ? ] IC,ISM,ICAL,IST,IZE,ICS,IC,Level 2
MEDAL [ ? ] LIST,LION,IST,ING,ED,PLAY,LIST,Level 2
MEDI [ ? ] CINE,CAL,CATE,ATION,ATOR,UM,CINE,Level 2
MEET [ ? ] ING,ER,S,LY,NESS,UP,ING,Level 1
MEGA [ ? ] PHONE,TON,HERTZ,WATT,LITH,BYTE,PHONE,Level 2
MELON [ ? ] BALL,HEAD,SEED,MAN,VINE,PATCH,BALL,Level 2
MELT [ ? ] DOWN,ING,ED,ER,WATER,AWAY,DOWN,Level 2
MEM [ ? ] OIR,ORY,BER,ENTO,ORABLE,ORIZE,OIR,Level 3
MEN [ ? ] FOLK,HADEN,S,TOR,TION,ACED,FOLK,Level 2
MEND [ ? ] ER,ING,ABLE,ICANT,ED,S,ER,Level 2
MENU [ ? ] S,AL,ETTE,SCRIPT,DRIVEN,CARD,S,Level 3
MER [ ? ] CHANT,CY,MAID,R,IT,GE,CHANT,Level 2
MERCI [ ? ] FUL,LESS,FULLY,FULNESS,LESSLY,ABLE,FUL,Level 2
MER [ ? ] CY,MAID,R,CHANT,IT,GE,CY,Level 2
MER [ ? ] MAID,MAN,CHANT,CY,R,IT,MAID,Level 2
MERRY [ ? ] GO,MAKER,MAKING,THOUGHT,MAN,ANDREW,GO,Level 2
MESS [ ? ] MATE,ROOM,HALL,KIT,MAN,BOY,MATE,Level 2
METAL [ ? ] WORK,LURGY,LIC,LIZE,SMITH,WARE,WORK,Level 1
METER [ ? ] MAID,STICK,ING,ED,AGE,MAN,MAID,Level 2
METH [ ? ] OD,ANE,ODIST,YL,ODICAL,ODOLOGY,OD,Level 3
MID [ ? ] NIGHT,DAY,WAY,DLE,SUMMER,TERM,NIGHT,Level 1
MIGHT [ ? ] Y,ILY,INESS,IER,IEST,HAVE,Y,Level 2
MILE [ ? ] STONE,AGE,POST,ER,RUN,LONG,STONE,Level 1
MILK [ ? ] MAN,SHAKE,MAID,WEED,SOP,TOAST,MAN,Level 1
MILL [ ? ] STONE,WHEEL,STREAM,WRIGHT,RACE,DAM,STONE,Level 1
MINE [ ? ] FIELD,LAYER,WORKER,OWNER,SWEEPER,RUN,FIELD,Level 1
MIS [ ? ] FIRE,FIT,FORTUNE,LEAD,HAP,TAKE,FIRE,Level 2
MISTLE [ ? ] TOE,THRUSH,BIRD,BERRY,WOOD,BUSH,TOE,Level 2
MOCKING [ ? ] BIRD,LY,ERY,STOCK,JAY,MAN,BIRD,Level 2
MOLD [ ? ] BOARD,ING,ER,Y,INESS,ABLE,BOARD,Level 3
MOLE [ ? ] HILL,SKIN,CULE,CULAR,ST,STER,HILL,Level 2
MONEY [ ? ] BAG,MAKER,LENDER,ORDER,BAGS,MAN,BAG,Level 1
MONG [ ? ] REL,ER,OOSE,OL,OLIAN,OLISM,REL,Level 3
MONK [ ? ] EY,ISH,SHOOD,S,ERY,STRAP,EY,Level 2
MONKEY [ ? ] SHINE,BUSINESS,WRENCH,SUIT,NUT,BARS,SHINE,Level 2
MONO [ ? ] LITH,TONE,LOGUE,RAIL,POLY,GAMY,LITH,Level 3
MOON [ ? ] LIGHT,BEAM,SHINE,STONE,WALK,STRUCK,LIGHT,Level 1
MOOR [ ? ] LAND,ING,HEN,COCK,AGE,S,LAND,Level 2
MOOSE [ ? ] WOOD,HEAD,CALL,HIDE,BUSH,LIP,WOOD,Level 3
MOP [ ? ] BOARD,PET,HEAD,PING,PER,STICK,BOARD,Level 2
MORE [ ? ] OVER,OUT,LESS,LAND,THAN,SO,OVER,Level 1
MORN [ ? ] ING,INGS,INGGLORY,INGSTAR,INGCALL,INGCOAT,ING,Level 1
MOSS [ ? ] BACK,Y,GROWN,ROSE,BUNKER,TROOPER,BACK,Level 2
MOTH [ ? ] BALL,EATEN,PROOF,ER,MILLER,MAN,BALL,Level 2
MOTHER [ ? ] HOOD,LAND,LESS,INLAW,BOARD,TONGUE,HOOD,Level 1
MOTOR [ ? ] CYCLE,BOAT,MAN,CADE,WAY,IST,CYCLE,Level 1
MOUNTAIN [ ? ] TOP,SIDE,EER,OUS,LION,GOAT,TOP,Level 1
MOURN [ ? ] ING,ER,FUL,FULLY,FULNESS,S,ING,Level 2
MOUSE [ ? ] TRAP,HOLE,EAR,TAIL,PIECE,DEER,TRAP,Level 1
MOUTH [ ? ] PIECE,ORGAN,WASH,FUL,PART,OFF,PIECE,Level 1
MOVE [ ? ] MENT,ABLE,R,S,D,LESS,MENT,Level 2
MOW [ ? ] ER,ING,ED,S,ABLE,HAY,ER,Level 2
MUCK [ ? ] RAKE,ER,Y,INESS,WORM,HEAP,RAKE,Level 2
MUD [ ? ] GUARD,SLIDE,PACK,FLAP,SLINGER,PUPPY,GUARD,Level 2
MUFF [ ? ] IN,LER,LE,LED,LING,S,IN,Level 2
MUG [ ? ] GING,GER,GY,GINESS,WORT,SHOT,GING,Level 2
MUL [ ? ] BERRY,LET,CH,ISH,TEER,T,BERRY,Level 2
MULE [ ? ] TEER,SKINNER,BACK,HEADED,DRIVER,MAN,TEER,Level 3
MULTI [ ? ] MILLIONAIRE,PLY,TUDE,PLEX,FARIOUS,LATERAL,MILLIONAIRE,Level 3
MUSCLE [ ? ] BOUND,MAN,HEAD,S,D,LESS,BOUND,Level 2
MUSH [ ? ] ROOM,Y,INESS,ER,ING,MELON,ROOM,Level 2
MUSIC [ ? ] AL,IAN,BOX,ROOM,STAND,HALL,AL,Level 1
MUSK [ ? ] ET,OX,RAT,MELON,Y,DEER,ET,Level 2
MUST [ ? ] ARD,Y,ACHE,ANG,ER,INESS,ARD,Level 2
MUSTARD [ ? ] GAS,SEED,POT,PLASTER,OIL,GREEN,GAS,Level 2
MUTE [ ? ] D,LY,NESS,S,R,BUTTON,D,Level 2
MUTTER [ ? ] ER,ING,ED,S,LY,INGS,ER,Level 2
MUTTON [ ? ] CHOPS,HEAD,CHOP,BIRD,FISH,S,CHOPS,Level 2
MUZZLE [ ? ] LOADER,ING,ER,ED,S,VELOCITY,LOADER,Level 3
NAIL [ ? ] BRUSH,FILE,HEAD,BITER,VARNISH,POLISH,BRUSH,Level 2
NAME [ ? ] SAKE,LESS,LY,TAG,CALLING,PLATE,SAKE,Level 1
NAN [ ? ] NY,KEEN,CY,O,A,TS,NY,Level 2
NAP [ ? ] KIN,HTHA,PE,PY,LESS,TIME,KIN,Level 2
NAR [ ? ] ROW,COTIC,RATOR,WHAL,THEX,IS,ROW,Level 2
NASTY [ ? ] NESS,LY,IER,IEST,MINDED,LOOKING,NESS,Level 2
NATION [ ? ] WIDE,AL,ALITY,ALISM,ALIST,HOOD,WIDE,Level 2
NA [ ? ] TIVE,TURE,TION,VAL,VY,KED,TIVE,Level 2
NA [ ? ] TURE,TIVE,TION,VAL,VY,KED,TURE,Level 2
NAUGHT [ ? ] Y,INESS,ILY,IER,IEST,S,Y,Level 2
NAVEL [ ? ] ORANGE,STRING,CORD,POINT,WORT,GAZING,ORANGE,Level 3
NAVI [ ? ] GATE,GATION,GATOR,GABLE,CULAR,D,GATE,Level 2
NA [ ? ] VY,VAL,TION,TIVE,TURE,KED,VY,Level 2
NEAR [ ? ] BY,SIGHTED,LY,NESS,EST,ER,BY,Level 1
NEAT [ ? ] NESS,LY,EN,ER,EST,HANDED,NESS,Level 2
NECK [ ? ] LACE,TIE,WEAR,CLOTH,LINE,BAND,LACE,Level 1
NEED [ ? ] LE,Y,FUL,LESS,INESS,ED,LE,Level 2
NEI [ ? ] THER,GHBOR,GH,THERMORE,THERMOST,THERWAY,THER,Level 2
NERVE [ ? ] LESS,S,D,OUS,OUSNESS,RACKING,LESS,Level 2
NEST [ ? ] LING,LE,ED,EGG,S,BOX,LING,Level 2
NET [ ? ] WORK,TING,BALL,HER,TLE,TED,WORK,Level 1
NEVER [ ? ] MORE,THELESS,MIND,LAND,ENDING,FAILING,MORE,Level 1
NEW [ ? ] BORN,COMER,FOUND,LYWED,SBOY,YEAR,BORN,Level 1
NEXT [ ? ] DOOR,OFKIN,LY,NESS,TO,BEST,DOOR,Level 1
NIB [ ? ] BLE,BLER,BLING,S,BED,LICK,BLE,Level 2
NICE [ ? ] NESS,LY,TY,ST,R,LOOKING,NESS,Level 2
NICK [ ? ] NAME,EL,ER,ED,NACK,ING,NAME,Level 1
NIGHT [ ? ] GOWN,MARE,CLUB,CAP,FALL,TIME,GOWN,Level 1
NIM [ ? ] BLE,BUS,BLENESS,BLY,ROD,MED,BLE,Level 3
NINE [ ? ] PIN,TEEN,TY,FOLD,TH,S,PIN,Level 2
NIP [ ? ] PER,PY,PING,PED,PLE,TUCK,PER,Level 2
NIT [ ? ] WIT,ROGEN,RATE,RIC,RITE,PICK,WIT,Level 2
NO [ ? ] BODY,THING,WHERE,HOW,WAY,ONE,BODY,Level 1