Question,OptionA,OptionB,OptionC,OptionD,OptionE,CorrectAnswer
"Find two words, one from each group, that are closest in meaning: (act avoid stop) (tie play dodge)",stop dodge,avoid tie,avoid play,act play,act tie,act play
"Find two words, one from each group, that are closest in meaning: (act collect sleep) (show reduce play)",act reduce,act play,sleep play,act show,collect reduce,act play
"Find two words, one from each group, that are closest in meaning: (alter tie hide) (change attach soften)",tie change,hide soften,alter attach,alter change,tie attach,alter change
"Find two words, one from each group, that are closest in meaning: (alter incite copy) (throw dwell change)",alter throw,alter dwell,alter change,incite dwell,copy change,alter change
"Find two words, one from each group, that are closest in meaning: (dull ancient skilful) (old steady new)",ancient old,ancient steady,dull old,skilful new,dull steady,ancient old
"Find two words, one from each group, that are closest in meaning: (dull strong ancient) (instant able old)",strong instant,dull able,dull instant,strong able,ancient old,ancient old
"Find two words, one from each group, that are closest in meaning: (pleasant angry nice) (immediate cross grateful)",nice grateful,angry cross,pleasant cross,angry immediate,pleasant immediate,angry cross
"Find two words, one from each group, that are closest in meaning: (vacant eternal angry) (hard round cross)",eternal hard,angry cross,vacant hard,eternal round,vacant round,angry cross
"Find two words, one from each group, that are closest in meaning: (top apparel blossom) (clothing liberty scent)",blossom scent,apparel clothing,top clothing,top liberty,apparel liberty,apparel clothing
"Find two words, one from each group, that are closest in meaning: (poverty country apparel) (cut need clothing)",apparel clothing,country cut,poverty need,poverty cut,country need,apparel clothing
"Find two words, one from each group, that are closest in meaning: (sidewalk aroma top) (cot sleep scent)",top scent,sidewalk cot,aroma sleep,aroma scent,sidewalk sleep,aroma scent
"Find two words, one from each group, that are closest in meaning: (assist end connect) (study help examine)",assist help,assist study,connect examine,end study,end help,assist help
"Find two words, one from each group, that are closest in meaning: (assist yell alter) (lessen help examine)",yell lessen,assist help,alter examine,assist lessen,yell help,assist help
"Find two words, one from each group, that are closest in meaning: (awake delicate scared) (unclear round alert)",awake round,scared alert,awake unclear,awake alert,delicate round,awake alert
"Find two words, one from each group, that are closest in meaning: (cross witty awake) (ancient alert mad)",cross ancient,awake mad,cross alert,witty alert,awake alert,awake alert
"Find two words, one from each group, that are closest in meaning: (bowl speed disaster) (scent dish rural)",disaster rural,bowl scent,speed scent,speed dish,bowl dish,bowl dish
"Find two words, one from each group, that are closest in meaning: (bowl labour foe) (dish top error)",labour dish,foe error,bowl dish,labour top,bowl top,bowl dish
"Find two words, one from each group, that are closest in meaning: (brave lucky eternal) (bold witty able)",lucky bold,brave bold,eternal able,lucky witty,brave witty,brave bold
"Find two words, one from each group, that are closest in meaning: (neat rough brave) (robust alert bold)",rough alert,brave bold,neat alert,rough robust,neat robust,brave bold
"Find two words, one from each group, that are closest in meaning: (round brief gloomy) (short honest brave)",round short,brief honest,brief short,round honest,gloomy brave,brief short
"Find two words, one from each group, that are closest in meaning: (brave brief immediate) (empty short vague)",immediate vague,brief empty,brief short,brave short,brave empty,brief short
"Find two words, one from each group, that are closest in meaning: (peak cut bucket) (rock country pail)",bucket pail,cut country,peak rock,cut rock,peak country,bucket pail
"Find two words, one from each group, that are closest in meaning: (bucket baby regret) (slice pail sofa)",bucket slice,regret sofa,baby slice,bucket pail,baby pail,bucket pail
"Find two words, one from each group, that are closest in meaning: (hide burn grow) (pardon scorch stop)",hide pardon,grow stop,burn pardon,hide scorch,burn scorch,burn scorch
"Find two words, one from each group, that are closest in meaning: (remember overlook burn) (yell scorch slumber)",overlook scorch,burn scorch,burn slumber,remember yell,remember scorch,burn scorch
"Find two words, one from each group, that are closest in meaning: (bold whole calm) (odd alert peaceful)",bold alert,calm peaceful,whole alert,bold odd,whole odd,calm peaceful
"Find two words, one from each group, that are closest in meaning: (calm truthful new) (savage peaceful happy)",truthful savage,new happy,calm savage,truthful peaceful,calm peaceful,calm peaceful
"Find two words, one from each group, that are closest in meaning: (delicate cautious circular) (careful odd robust)",delicate careful,cautious careful,delicate odd,cautious odd,circular robust,cautious careful
"Find two words, one from each group, that are closest in meaning: (cautious odd huge) (peaceful careful empty)",odd peaceful,cautious peaceful,huge empty,cautious careful,odd careful,cautious careful
"Find two words, one from each group, that are closest in meaning: (cease collect finish) (finish stop dwell)",finish dwell,cease finish,cease stop,collect finish,collect stop,cease stop
"Find two words, one from each group, that are closest in meaning: (cease slumber sleep) (study stop hide)",sleep hide,slumber stop,slumber study,cease study,cease stop,cease stop
"Find two words, one from each group, that are closest in meaning: (cheerful moist clear) (truthful happy important)",moist happy,clear important,cheerful truthful,cheerful happy,moist truthful,cheerful happy
"Find two words, one from each group, that are closest in meaning: (easy cheerful cautious) (harsh fortunate happy)",easy fortunate,cautious happy,cheerful happy,cheerful fortunate,easy harsh,cheerful happy
"Find two words, one from each group, that are closest in meaning: (circular cross rough) (difficult robust round)",cross robust,circular difficult,rough round,circular round,circular robust,circular round
"Find two words, one from each group, that are closest in meaning: (circular modern careful) (angry mad round)",circular mad,modern mad,circular angry,circular round,careful round,circular round
"Find two words, one from each group, that are closest in meaning: (help prohibit complete) (remember alter finish)",help remember,help alter,prohibit remember,prohibit alter,complete finish,complete finish
"Find two words, one from each group, that are closest in meaning: (learn conceal ignore) (depart imitate hide)",conceal imitate,ignore hide,learn imitate,learn depart,conceal hide,conceal hide
"Find two words, one from each group, that are closest in meaning: (imitate conceal slumber) (hide help alter)",slumber alter,imitate hide,imitate help,conceal hide,conceal help,conceal hide
"Find two words, one from each group, that are closest in meaning: (neat correct bold) (rare fortunate right)",correct fortunate,neat fortunate,bold right,neat rare,correct right,correct right
"Find two words, one from each group, that are closest in meaning: (calm correct savage) (immediate right boring)",correct immediate,calm right,correct right,savage boring,calm immediate,correct right
"Find two words, one from each group, that are closest in meaning: (bowl rural cot) (labour cradle price)",cot cradle,bowl cradle,rural cradle,cot price,bowl labour,cot cradle
"Find two words, one from each group, that are closest in meaning: (top cot bowl) (enemy cradle inside)",top cradle,cot enemy,cot cradle,top enemy,bowl inside,cot cradle
"Find two words, one from each group, that are closest in meaning: (odd damp right) (moist hard brave)",odd moist,damp moist,right brave,damp hard,odd hard,damp moist
"Find two words, one from each group, that are closest in meaning: (cheerful damp distinct) (circular brief moist)",distinct moist,damp brief,cheerful circular,cheerful brief,damp moist,damp moist
"Find two words, one from each group, that are closest in meaning: (depart complete look) (notify leave yell)",depart leave,complete notify,depart notify,look yell,complete leave,depart leave
"Find two words, one from each group, that are closest in meaning: (depart grow connect) (begin examine leave)",depart examine,depart leave,depart begin,grow examine,connect leave,depart leave
"Find two words, one from each group, that are closest in meaning: (expensive instant difficult) (tidy new hard)",instant new,expensive tidy,expensive new,instant tidy,difficult hard,difficult hard
"Find two words, one from each group, that are closest in meaning: (difficult coarse empty) (hard honest cheerful)",empty cheerful,coarse hard,difficult honest,coarse honest,difficult hard,difficult hard
"Find two words, one from each group, that are closest in meaning: (strong important dirty) (vacant unclean eternal)",dirty eternal,strong unclean,strong vacant,dirty unclean,important unclean,dirty unclean
"Find two words, one from each group, that are closest in meaning: (sturdy dirty lean) (sombre quick unclean)",dirty quick,lean unclean,dirty unclean,sturdy sombre,sturdy quick,dirty unclean
"Find two words, one from each group, that are closest in meaning: (need disaster ocean) (bowl catastrophe baby)",need catastrophe,disaster bowl,disaster catastrophe,need bowl,ocean baby,disaster catastrophe
"Find two words, one from each group, that are closest in meaning: (sidewalk disaster ocean) (catastrophe rock hurricane)",sidewalk catastrophe,ocean hurricane,disaster catastrophe,sidewalk rock,disaster rock,disaster catastrophe
"Find two words, one from each group, that are closest in meaning: (distinct wild unwilling) (bold rare clear)",distinct clear,wild rare,distinct bold,unwilling clear,distinct rare,distinct clear
"Find two words, one from each group, that are closest in meaning: (truthful steady distinct) (immediate clear able)",distinct clear,truthful immediate,truthful clear,distinct able,steady clear,distinct clear
"Find two words, one from each group, that are closest in meaning: (repair imitate dodge) (melt incite avoid)",imitate melt,dodge avoid,imitate incite,repair melt,repair incite,dodge avoid
"Find two words, one from each group, that are closest in meaning: (raise dodge dwell) (yell avoid live)",raise yell,dodge yell,dodge avoid,dwell live,raise avoid,dodge avoid
"Find two words, one from each group, that are closest in meaning: (tidy funny dull) (steady cheerful boring)",tidy cheerful,funny steady,funny cheerful,tidy steady,dull boring,dull boring
"Find two words, one from each group, that are closest in meaning: (stable huge dull) (boring savage opaque)",dull boring,stable boring,huge savage,dull opaque,stable savage,dull boring
"Find two words, one from each group, that are closest in meaning: (reduce prompt dwell) (melt live conceal)",dwell live,reduce melt,reduce live,dwell conceal,prompt live,dwell live
"Find two words, one from each group, that are closest in meaning: (dwell study cease) (reduce gather live)",dwell live,cease live,study gather,dwell reduce,dwell gather,dwell live
"Find two words, one from each group, that are closest in meaning: (fly echo reveal) (repeat avoid examine)",fly repeat,echo avoid,fly avoid,reveal examine,echo repeat,echo repeat
"Find two words, one from each group, that are closest in meaning: (echo alter forgive) (sleep repeat grow)",forgive grow,alter repeat,alter sleep,echo repeat,echo sleep,echo repeat
"Find two words, one from each group, that are closest in meaning: (expand elevate finish) (cease raise change)",expand raise,expand cease,elevate raise,finish change,elevate cease,elevate raise
"Find two words, one from each group, that are closest in meaning: (hide elevate throw) (raise sleep imitate)",hide sleep,elevate sleep,hide raise,throw imitate,elevate raise,elevate raise
"Find two words, one from each group, that are closest in meaning: (forgive examine end) (grow finish reveal)",end finish,forgive grow,forgive finish,end reveal,examine finish,end finish
"Find two words, one from each group, that are closest in meaning: (enemy scent mist) (foe dish sleep)",scent foe,enemy dish,scent dish,enemy foe,mist sleep,enemy foe
"Find two words, one from each group, that are closest in meaning: (enemy peak inside) (interior cut foe)",enemy foe,enemy interior,enemy cut,peak cut,inside foe,enemy foe
"Find two words, one from each group, that are closest in meaning: (entire right alert) (huge circular whole)",alert whole,right circular,entire circular,entire whole,entire huge,entire whole
"Find two words, one from each group, that are closest in meaning: (strong entire funny) (moist whole dirty)",funny dirty,entire moist,strong moist,strong whole,entire whole,entire whole
"Find two words, one from each group, that are closest in meaning: (error cut rock) (pavement sofa mistake)",error pavement,cut sofa,error sofa,rock mistake,error mistake,error mistake
"Find two words, one from each group, that are closest in meaning: (error catastrophe sight) (liquid mistake sea)",sight sea,catastrophe mistake,catastrophe liquid,error liquid,error mistake,error mistake
"Find two words, one from each group, that are closest in meaning: (eternal unclear delicate) (important everlasting stable)",delicate stable,eternal everlasting,unclear everlasting,eternal important,unclear important,eternal everlasting
"Find two words, one from each group, that are closest in meaning: (rare eternal rapid) (witty nice everlasting)",eternal everlasting,rare nice,rapid everlasting,rare witty,eternal nice,eternal everlasting
"Find two words, one from each group, that are closest in meaning: (start raise expand) (finish grow avoid)",start finish,expand grow,start grow,expand avoid,raise grow,expand grow
"Find two words, one from each group, that are closest in meaning: (scorch expand change) (inspect soar grow)",change grow,expand grow,expand soar,scorch soar,scorch inspect,expand grow
"Find two words, one from each group, that are closest in meaning: (expensive careful coarse) (costly truthful alert)",careful truthful,expensive costly,expensive truthful,coarse alert,careful costly,expensive costly
"Find two words, one from each group, that are closest in meaning: (unclean circular expensive) (calm costly dull)",unclean costly,expensive dull,unclean calm,expensive costly,circular costly,expensive costly
"Find two words, one from each group, that are closest in meaning: (act show fix) (repair live soar)",fix soar,fix repair,show live,act repair,act live,fix repair
"Find two words, one from each group, that are closest in meaning: (fix glance end) (repair connect soften)",fix repair,end soften,glance repair,glance connect,fix connect,fix repair
"Find two words, one from each group, that are closest in meaning: (flower enemy baby) (speed fog blossom)",flower speed,baby blossom,flower blossom,enemy fog,flower fog,flower blossom
"Find two words, one from each group, that are closest in meaning: (pavement flower price) (blossom nap aroma)",price aroma,pavement blossom,flower nap,flower blossom,pavement nap,flower blossom
"Find two words, one from each group, that are closest in meaning: (fortunate odd unclear) (lucky steady tidy)",odd lucky,fortunate lucky,fortunate steady,unclear tidy,odd steady,fortunate lucky
"Find two words, one from each group, that are closest in meaning: (old ancient fortunate) (lucky costly truthful)",old costly,ancient costly,fortunate truthful,fortunate lucky,old lucky,fortunate lucky
"Find two words, one from each group, that are closest in meaning: (fragile thin huge) (bold cautious delicate)",thin cautious,fragile delicate,fragile bold,fragile cautious,huge delicate,fragile delicate
"Find two words, one from each group, that are closest in meaning: (fragile peaceful cruel) (cautious previous delicate)",fragile previous,fragile cautious,fragile delicate,peaceful previous,cruel delicate,fragile delicate
"Find two words, one from each group, that are closest in meaning: (fragrance price apparel) (cradle freedom scent)",fragrance scent,price freedom,apparel scent,fragrance cradle,fragrance freedom,fragrance scent
"Find two words, one from each group, that are closest in meaning: (clear instant funny) (vacant cruel witty)",clear vacant,instant cruel,clear cruel,funny witty,instant vacant,funny witty
"Find two words, one from each group, that are closest in meaning: (gloomy opaque funny) (unclear witty harsh)",gloomy witty,funny witty,opaque witty,funny harsh,gloomy unclear,funny witty
"Find two words, one from each group, that are closest in meaning: (imitate tie gather) (avoid collect live)",gather collect,tie collect,imitate collect,imitate avoid,gather live,gather collect
"Find two words, one from each group, that are closest in meaning: (gather reduce pardon) (collect repair inform)",gather collect,gather repair,pardon inform,reduce collect,reduce repair,gather collect
"Find two words, one from each group, that are closest in meaning: (melt glance act) (complete look collect)",melt look,glance complete,melt complete,glance look,act collect,glance look
"Find two words, one from each group, that are closest in meaning: (glance inform alter) (recollect incite look)",glance look,inform incite,glance recollect,alter look,glance incite,glance look
"Find two words, one from each group, that are closest in meaning: (strong grateful steady) (empty cloudy thankful)",steady thankful,grateful cloudy,strong empty,strong cloudy,grateful thankful,grateful thankful
"Find two words, one from each group, that are closest in meaning: (grateful rapid clear) (dull thankful vast)",grateful dull,grateful thankful,rapid dull,rapid thankful,clear vast,grateful thankful
"Find two words, one from each group, that are closest in meaning: (money harm need) (sleep fog hurt)",need hurt,harm hurt,money sleep,harm fog,money fog,harm hurt
"Find two words, one from each group, that are closest in meaning: (mist sea harm) (apparel hurt storm)",mist apparel,harm storm,sea hurt,harm hurt,mist hurt,harm hurt
"Find two words, one from each group, that are closest in meaning: (vague distinct harsh) (cruel thin clear)",vague thin,harsh cruel,distinct thin,harsh clear,vague cruel,harsh cruel
"Find two words, one from each group, that are closest in meaning: (unwilling harsh truthful) (loyal pleasant cruel)",unwilling pleasant,truthful cruel,harsh cruel,harsh pleasant,unwilling loyal,harsh cruel
"Find two words, one from each group, that are closest in meaning: (short fragile honest) (truthful boring former)",honest truthful,short truthful,honest former,fragile boring,short boring,honest truthful
"Find two words, one from each group, that are closest in meaning: (honest cloudy unusual) (unwilling truthful huge)",cloudy unwilling,honest unwilling,honest truthful,cloudy truthful,unusual huge,honest truthful
"Find two words, one from each group, that are closest in meaning: (toss leave ignore) (prohibit overlook notify)",ignore overlook,ignore notify,toss overlook,toss prohibit,leave overlook,ignore overlook
"Find two words, one from each group, that are closest in meaning: (ignore dodge lessen) (prohibit overlook dwell)",ignore overlook,dodge prohibit,ignore prohibit,lessen dwell,dodge overlook,ignore overlook
"Find two words, one from each group, that are closest in meaning: (soar imitate fly) (copy attach lessen)",soar attach,soar copy,fly lessen,imitate attach,imitate copy,imitate copy
"Find two words, one from each group, that are closest in meaning: (imitate connect depart) (complete copy gather)",imitate copy,depart gather,connect copy,connect complete,imitate complete,imitate copy
"Find two words, one from each group, that are closest in meaning: (clear rare immediate) (instant simple careful)",immediate instant,immediate careful,clear simple,clear instant,rare simple,immediate instant
"Find two words, one from each group, that are closest in meaning: (insane faithful immediate) (instant lean careful)",immediate careful,insane lean,faithful lean,immediate instant,insane instant,immediate instant
"Find two words, one from each group, that are closest in meaning: (wild quiet important) (fragile vital modern)",important modern,wild fragile,wild vital,important vital,quiet vital,important vital
"Find two words, one from each group, that are closest in meaning: (vast important modern) (vital steady empty)",modern empty,vast vital,vast steady,important steady,important vital,important vital
"Find two words, one from each group, that are closest in meaning: (infant clothing liberty) (dish baby price)",clothing baby,infant dish,clothing dish,liberty price,infant baby,infant baby
"Find two words, one from each group, that are closest in meaning: (infant sight slice) (baby mistake fog)",sight baby,sight mistake,infant mistake,slice fog,infant baby,infant baby
"Find two words, one from each group, that are closest in meaning: (cruel insane unclean) (quiet mad expensive)",cruel quiet,cruel mad,insane mad,unclean expensive,insane quiet,insane mad
"Find two words, one from each group, that are closest in meaning: (faithful insane vast) (tidy mad brief)",vast brief,insane mad,insane tidy,faithful mad,faithful tidy,insane mad
"Find two words, one from each group, that are closest in meaning: (remember incite inspect) (examine slumber throw)",inspect throw,remember examine,inspect examine,incite slumber,remember slumber,inspect examine
"Find two words, one from each group, that are closest in meaning: (inspect assist toss) (collect examine repeat)",assist collect,toss repeat,assist examine,inspect collect,inspect examine,inspect examine
"Find two words, one from each group, that are closest in meaning: (hurt hurricane interior) (sea sofa inside)",interior inside,hurt sea,hurricane sofa,hurt sofa,hurricane sea,interior inside
"Find two words, one from each group, that are closest in meaning: (money sea interior) (inside sofa dish)",interior dish,interior inside,sea sofa,money inside,money sofa,interior inside
"Find two words, one from each group, that are closest in meaning: (repair throw join) (connect learn collect)",throw learn,repair learn,repair connect,join connect,join collect,join connect
"Find two words, one from each group, that are closest in meaning: (leave assist join) (connect hide end)",assist hide,leave hide,join connect,join end,leave connect,join connect
"Find two words, one from each group, that are closest in meaning: (able lean costly) (eternal thin moist)",lean thin,costly moist,able eternal,lean eternal,able thin,lean thin
"Find two words, one from each group, that are closest in meaning: (lean wild dirty) (cloudy thin careful)",dirty careful,wild thin,lean thin,wild cloudy,lean cloudy,lean thin
"Find two words, one from each group, that are closest in meaning: (imitate learn copy) (study connect soften)",imitate connect,learn study,learn connect,copy soften,imitate study,learn study
"Find two words, one from each group, that are closest in meaning: (learn lessen collect) (live glance study)",collect study,lessen glance,learn study,learn live,learn glance,learn study
"Find two words, one from each group, that are closest in meaning: (enemy liberty storm) (freedom speed cut)",enemy freedom,liberty speed,storm cut,enemy speed,liberty freedom,liberty freedom
"Find two words, one from each group, that are closest in meaning: (top liberty scent) (cot freedom velocity)",liberty cot,liberty freedom,scent velocity,top freedom,top cot,liberty freedom
"Find two words, one from each group, that are closest in meaning: (harm liquid speed) (flower hurricane fluid)",liquid hurricane,harm flower,speed fluid,harm hurricane,liquid fluid,liquid fluid
"Find two words, one from each group, that are closest in meaning: (look liquid fragrance) (pavement work fluid)",look pavement,look work,fragrance fluid,liquid work,liquid fluid,liquid fluid
"Find two words, one from each group, that are closest in meaning: (afraid hard loyal) (faithful wild expensive)",hard wild,afraid faithful,loyal expensive,afraid wild,loyal faithful,loyal faithful
"Find two words, one from each group, that are closest in meaning: (unusual hard loyal) (unwilling correct faithful)",hard correct,hard unwilling,loyal faithful,unusual unwilling,unusual correct,loyal faithful
"Find two words, one from each group, that are closest in meaning: (need pavement mist) (fog ocean stone)",need fog,need ocean,mist fog,mist stone,pavement ocean,mist fog
"Find two words, one from each group, that are closest in meaning: (mist ocean look) (flower harm fog)",mist fog,mist flower,mist harm,look fog,ocean harm,mist fog
"Find two words, one from each group, that are closest in meaning: (grateful costly modern) (huge new strong)",costly new,modern new,grateful new,modern strong,grateful huge,modern new
"Find two words, one from each group, that are closest in meaning: (modern huge savage) (new sombre important)",savage important,modern sombre,modern new,huge sombre,huge new,modern new
"Find two words, one from each group, that are closest in meaning: (cradle money pavement) (price clothing interior)",pavement interior,cradle price,cradle clothing,money clothing,money price,money price
"Find two words, one from each group, that are closest in meaning: (country money freedom) (mistake speed price)",money price,money speed,country mistake,freedom price,country speed,money price
"Find two words, one from each group, that are closest in meaning: (fog labour nap) (hurt cot sleep)",labour hurt,labour cot,nap sleep,fog cot,fog hurt,nap sleep
"Find two words, one from each group, that are closest in meaning: (rural harm nap) (cradle sleep peak)",rural cradle,rural sleep,harm sleep,nap sleep,nap peak,nap sleep
"Find two words, one from each group, that are closest in meaning: (neat dull vague) (cross quick tidy)",dull quick,neat tidy,neat cross,vague tidy,neat quick,neat tidy
"Find two words, one from each group, that are closest in meaning: (neat moist strong) (tidy robust cross)",neat robust,strong cross,moist tidy,moist robust,neat tidy,neat tidy
"Find two words, one from each group, that are closest in meaning: (echo notify hide) (toss inform dodge)",echo inform,notify inform,notify toss,echo toss,hide dodge,notify inform
"Find two words, one from each group, that are closest in meaning: (soften notify begin) (grow inform scorch)",soften inform,notify inform,soften grow,begin scorch,notify grow,notify inform
"Find two words, one from each group, that are closest in meaning: (regret ocean peak) (disaster trail sea)",regret disaster,ocean sea,peak sea,regret trail,ocean trail,ocean sea
"Find two words, one from each group, that are closest in meaning: (ocean harm fragrance) (sea apparel rural)",ocean sea,harm sea,fragrance rural,ocean apparel,harm apparel,ocean sea
"Find two words, one from each group, that are closest in meaning: (odd nice hard) (pleasant unclean strange)",nice unclean,odd pleasant,hard strange,odd unclean,odd strange,odd strange
"Find two words, one from each group, that are closest in meaning: (pleasant loyal odd) (fragile strange previous)",odd strange,loyal strange,pleasant fragile,odd previous,pleasant strange,odd strange
"Find two words, one from each group, that are closest in meaning: (brave opaque funny) (costly peaceful cloudy)",brave peaceful,brave costly,funny cloudy,opaque cloudy,opaque peaceful,opaque cloudy
"Find two words, one from each group, that are closest in meaning: (vague opaque unclean) (cloudy expensive witty)",unclean witty,opaque cloudy,vague expensive,vague cloudy,opaque expensive,opaque cloudy
"Find two words, one from each group, that are closest in meaning: (inspect recollect pardon) (forgive soar ban)",inspect soar,recollect soar,pardon ban,inspect forgive,pardon forgive,pardon forgive
"Find two words, one from each group, that are closest in meaning: (pardon connect join) (inform forgive end)",connect forgive,join end,pardon inform,connect inform,pardon forgive,pardon forgive
"Find two words, one from each group, that are closest in meaning: (pavement liberty sea) (mist aroma sidewalk)",liberty aroma,pavement sidewalk,sea sidewalk,pavement mist,pavement aroma,pavement sidewalk
"Find two words, one from each group, that are closest in meaning: (pail pavement country) (flower sidewalk cot)",country cot,pavement sidewalk,pail flower,pail sidewalk,pavement flower,pavement sidewalk
"Find two words, one from each group, that are closest in meaning: (peak sidewalk infant) (clothing baby top)",peak clothing,infant top,peak top,sidewalk baby,peak baby,peak top
"Find two words, one from each group, that are closest in meaning: (ocean peak scent) (storm top cradle)",peak top,ocean top,scent cradle,peak storm,ocean storm,peak top
"Find two words, one from each group, that are closest in meaning: (rare distinct pleasant) (harsh immediate nice)",pleasant nice,distinct immediate,distinct harsh,rare immediate,rare harsh,pleasant nice
"Find two words, one from each group, that are closest in meaning: (awake coarse pleasant) (cloudy nice rough)",awake cloudy,coarse nice,pleasant rough,awake nice,pleasant nice,pleasant nice
"Find two words, one from each group, that are closest in meaning: (poverty remorse hurricane) (need flower scent)",remorse need,poverty flower,hurricane scent,poverty need,remorse flower,poverty need
"Find two words, one from each group, that are closest in meaning: (poverty hurricane bowl) (need fluid rural)",hurricane need,poverty fluid,bowl rural,poverty need,hurricane fluid,poverty need
"Find two words, one from each group, that are closest in meaning: (hard previous honest) (nice former savage)",hard nice,hard former,previous nice,previous former,honest savage,previous former
"Find two words, one from each group, that are closest in meaning: (modern angry previous) (former harsh eternal)",modern former,modern harsh,previous eternal,angry harsh,previous former,previous former
"Find two words, one from each group, that are closest in meaning: (prohibit inform study) (echo connect ban)",study ban,prohibit ban,prohibit echo,inform connect,prohibit connect,prohibit ban
"Find two words, one from each group, that are closest in meaning: (notify show prohibit) (ban study sleep)",notify ban,show study,prohibit sleep,prohibit ban,notify study,prohibit ban
"Find two words, one from each group, that are closest in meaning: (study prompt conceal) (incite reduce inspect)",prompt incite,study incite,prompt reduce,conceal inspect,study reduce,prompt incite
"Find two words, one from each group, that are closest in meaning: (scorch begin prompt) (soften incite live)",prompt incite,begin incite,prompt live,scorch incite,scorch soften,prompt incite
"Find two words, one from each group, that are closest in meaning: (grateful angry quick) (distinct funny rapid)",angry distinct,angry funny,grateful funny,grateful distinct,quick rapid,quick rapid
"Find two words, one from each group, that are closest in meaning: (quick loyal empty) (rapid tidy sturdy)",quick rapid,empty sturdy,quick tidy,loyal tidy,loyal rapid,quick rapid
"Find two words, one from each group, that are closest in meaning: (difficult rare thin) (honest unusual vague)",rare unusual,difficult honest,rare honest,thin vague,difficult unusual,rare unusual
"Find two words, one from each group, that are closest in meaning: (new rare damp) (unusual instant gloomy)",new instant,rare instant,damp gloomy,rare unusual,new unusual,rare unusual
"Find two words, one from each group, that are closest in meaning: (glance recollect slumber) (help remember complete)",slumber complete,recollect remember,recollect help,glance remember,glance help,recollect remember
"Find two words, one from each group, that are closest in meaning: (glance recollect pardon) (collect toss remember)",pardon remember,recollect toss,glance collect,recollect remember,glance toss,recollect remember
"Find two words, one from each group, that are closest in meaning: (reduce inform fly) (avoid lessen ignore)",reduce lessen,inform lessen,inform avoid,reduce avoid,fly ignore,reduce lessen
"Find two words, one from each group, that are closest in meaning: (reduce prohibit dodge) (fix raise lessen)",reduce raise,prohibit raise,reduce lessen,reduce fix,dodge lessen,reduce lessen
"Find two words, one from each group, that are closest in meaning: (regret velocity look) (poverty sidewalk remorse)",velocity sidewalk,regret sidewalk,look remorse,regret remorse,regret poverty,regret remorse
"Find two words, one from each group, that are closest in meaning: (track baby regret) (remorse labour dish)",regret dish,baby labour,track remorse,regret remorse,track labour,regret remorse
"Find two words, one from each group, that are closest in meaning: (vast cautious reluctant) (lean instant unwilling)",reluctant unwilling,cautious lean,cautious instant,vast instant,vast lean,reluctant unwilling
"Find two words, one from each group, that are closest in meaning: (eternal reluctant able) (unwilling instant everlasting)",reluctant unwilling,eternal unwilling,able everlasting,eternal instant,reluctant instant,reluctant unwilling
"Find two words, one from each group, that are closest in meaning: (expand soar reveal) (scorch avoid show)",soar avoid,expand avoid,soar scorch,reveal show,expand scorch,reveal show
"Find two words, one from each group, that are closest in meaning: (reveal learn ban) (forgive fix show)",ban show,reveal show,reveal forgive,learn fix,reveal fix,reveal show
"Find two words, one from each group, that are closest in meaning: (dirty robust funny) (unusual simple strong)",dirty unusual,robust strong,robust simple,funny strong,dirty simple,robust strong
"Find two words, one from each group, that are closest in meaning: (simple rough savage) (coarse round new)",savage new,simple coarse,simple round,rough round,rough coarse,rough coarse
"Find two words, one from each group, that are closest in meaning: (peaceful rough old) (strange strong coarse)",rough strong,peaceful strong,peaceful strange,rough coarse,old coarse,rough coarse
"Find two words, one from each group, that are closest in meaning: (rural rock need) (freedom country fog)",need fog,rock country,rural freedom,rural country,rock freedom,rural country
"Find two words, one from each group, that are closest in meaning: (rural bowl fragrance) (infant country disaster)",rural infant,fragrance disaster,bowl country,rural country,bowl infant,rural country
"Find two words, one from each group, that are closest in meaning: (fortunate savage boring) (vast wild difficult)",savage wild,fortunate wild,fortunate vast,savage vast,boring difficult,savage wild
"Find two words, one from each group, that are closest in meaning: (harsh thin savage) (thankful calm wild)",thin thankful,thin calm,savage wild,harsh thankful,harsh calm,savage wild
"Find two words, one from each group, that are closest in meaning: (truthful scared fortunate) (clear afraid reluctant)",scared afraid,truthful clear,truthful afraid,fortunate reluctant,scared clear,scared afraid
"Find two words, one from each group, that are closest in meaning: (ancient insane scared) (previous afraid dull)",insane afraid,scared afraid,scared dull,ancient previous,ancient afraid,scared afraid
"Find two words, one from each group, that are closest in meaning: (melt grow shout) (begin toss yell)",shout yell,grow begin,melt begin,grow toss,melt toss,shout yell
"Find two words, one from each group, that are closest in meaning: (shout fix echo) (yell dwell lessen)",echo lessen,fix yell,shout yell,fix dwell,shout dwell,shout yell
"Find two words, one from each group, that are closest in meaning: (moist silent vital) (quiet mad strong)",moist mad,silent mad,moist quiet,silent quiet,vital strong,silent quiet
"Find two words, one from each group, that are closest in meaning: (silent bold steady) (quiet angry robust)",steady robust,bold angry,bold quiet,silent angry,silent quiet,silent quiet
"Find two words, one from each group, that are closest in meaning: (whole simple difficult) (angry easy brave)",whole easy,difficult brave,simple easy,whole angry,simple angry,simple easy
"Find two words, one from each group, that are closest in meaning: (witty simple former) (peaceful steady easy)",witty peaceful,simple steady,former easy,witty steady,simple easy,simple easy
"Find two words, one from each group, that are closest in meaning: (skilful circular former) (able huge vague)",former vague,skilful able,circular huge,circular able,skilful huge,skilful able
"Find two words, one from each group, that are closest in meaning: (skilful bold wild) (cheerful able grateful)",bold able,wild grateful,bold cheerful,skilful able,skilful cheerful,skilful able
"Find two words, one from each group, that are closest in meaning: (slice trail labour) (sleep cut nap)",slice cut,trail sleep,slice sleep,labour nap,trail cut,slice cut
"Find two words, one from each group, that are closest in meaning: (rock error slice) (cut bucket sidewalk)",slice sidewalk,slice cut,error bucket,rock cut,rock bucket,slice cut
"Find two words, one from each group, that are closest in meaning: (raise soar slumber) (echo soften fly)",raise echo,soar soften,soar fly,slumber fly,raise soften,soar fly
"Find two words, one from each group, that are closest in meaning: (inform soar ban) (fly reduce conceal)",inform reduce,soar reduce,soar fly,ban conceal,inform fly,soar fly
"Find two words, one from each group, that are closest in meaning: (sleep clothing sofa) (couch flower money)",sofa couch,sleep flower,sofa money,sleep couch,clothing flower,sofa couch
"Find two words, one from each group, that are closest in meaning: (sofa error aroma) (fragrance couch poverty)",sofa couch,sofa fragrance,error fragrance,error couch,aroma poverty,sofa couch
"Find two words, one from each group, that are closest in meaning: (soften depart complete) (elevate show melt)",soften melt,soften elevate,complete melt,depart show,soften show,soften melt
"Find two words, one from each group, that are closest in meaning: (remember soften fly) (complete learn melt)",remember complete,fly melt,remember learn,soften learn,soften melt,soften melt
"Find two words, one from each group, that are closest in meaning: (sombre strong mad) (clear coarse gloomy)",strong coarse,sombre clear,sombre coarse,mad gloomy,sombre gloomy,sombre gloomy
"Find two words, one from each group, that are closest in meaning: (sombre silent thin) (tidy wild gloomy)",thin gloomy,sombre tidy,silent wild,sombre gloomy,sombre wild,sombre gloomy
"Find two words, one from each group, that are closest in meaning: (stable distinct immediate) (steady colossal awake)",stable colossal,immediate awake,distinct colossal,stable steady,distinct steady,stable steady
"Find two words, one from each group, that are closest in meaning: (cheerful stable whole) (steady odd short)",stable steady,cheerful steady,cheerful odd,whole short,stable odd,stable steady
"Find two words, one from each group, that are closest in meaning: (start burn assist) (begin notify reveal)",start begin,start notify,burn notify,burn begin,assist reveal,start begin
"Find two words, one from each group, that are closest in meaning: (prompt start overlook) (finish slumber begin)",start begin,prompt finish,overlook begin,start slumber,prompt slumber,start begin
"Find two words, one from each group, that are closest in meaning: (regret apparel stone) (liquid rock peak)",regret rock,stone peak,apparel rock,regret liquid,stone rock,stone rock
"Find two words, one from each group, that are closest in meaning: (storm stone liberty) (rock catastrophe disaster)",stone rock,liberty disaster,storm rock,stone catastrophe,storm catastrophe,stone rock
"Find two words, one from each group, that are closest in meaning: (velocity storm peak) (freedom country hurricane)",velocity country,storm hurricane,velocity freedom,peak hurricane,storm country,storm hurricane
"Find two words, one from each group, that are closest in meaning: (sight speed storm) (hurricane fragrance catastrophe)",storm hurricane,sight hurricane,speed fragrance,sight fragrance,storm catastrophe,storm hurricane
"Find two words, one from each group, that are closest in meaning: (sturdy vast unusual) (strong vacant afraid)",unusual afraid,sturdy vacant,vast vacant,sturdy strong,vast strong,sturdy strong
"Find two words, one from each group, that are closest in meaning: (tie start scorch) (attach dwell expand)",start attach,tie attach,tie dwell,scorch expand,start dwell,tie attach
"Find two words, one from each group, that are closest in meaning: (tie reduce play) (overlook attach alter)",tie overlook,reduce overlook,reduce attach,play alter,tie attach,tie attach
"Find two words, one from each group, that are closest in meaning: (connect live toss) (prohibit throw prompt)",live throw,toss prompt,toss throw,connect throw,connect prohibit,toss throw
"Find two words, one from each group, that are closest in meaning: (elevate toss alter) (ban throw slumber)",elevate ban,alter slumber,toss throw,toss ban,elevate throw,toss throw
"Find two words, one from each group, that are closest in meaning: (track flower scent) (bucket scent trail)",track scent,track bucket,track trail,flower scent,scent trail,track trail
"Find two words, one from each group, that are closest in meaning: (track look error) (poverty trail liberty)",track trail,look trail,track poverty,look poverty,error liberty,track trail
"Find two words, one from each group, that are closest in meaning: (skilful dirty vacant) (delicate empty gloomy)",vacant gloomy,skilful delicate,skilful empty,vacant empty,dirty empty,vacant empty
"Find two words, one from each group, that are closest in meaning: (vacant faithful difficult) (gloomy empty rough)",faithful empty,vacant empty,faithful gloomy,difficult rough,vacant gloomy,vacant empty
"Find two words, one from each group, that are closest in meaning: (mad afraid vague) (costly lean unclear)",mad costly,afraid lean,vague unclear,mad lean,afraid costly,vague unclear
"Find two words, one from each group, that are closest in meaning: (old previous vague) (short unclear circular)",old short,old unclear,vague unclear,previous unclear,vague circular,vague unclear
"Find two words, one from each group, that are closest in meaning: (skilful strong vast) (strange huge costly)",strong huge,vast costly,vast huge,skilful strange,skilful huge,vast huge
"Find two words, one from each group, that are closest in meaning: (vast rough modern) (awake cautious huge)",modern huge,rough cautious,vast huge,vast awake,vast cautious,vast huge
"Find two words, one from each group, that are closest in meaning: (liberty storm velocity) (sleep speed freedom)",velocity freedom,storm speed,velocity speed,liberty sleep,liberty speed,velocity speed
"Find two words, one from each group, that are closest in meaning: (enemy need velocity) (mist hurt speed)",need hurt,enemy hurt,velocity speed,need mist,enemy mist,velocity speed
"Find two words, one from each group, that are closest in meaning: (work baby scent) (labour disaster peak)",scent peak,work disaster,work labour,baby labour,baby disaster,work labour
"Find two words, one from each group, that are closest in meaning: (track work inside) (velocity price labour)",work price,inside labour,track price,track velocity,work labour,work labour
"Find two words, one from each group, that are closest in meaning: (study cease elevate) (show stop collect)",study stop,study show,elevate collect,cease stop,cease show,cease stop
"Find two words, one from each group, that are closest in meaning: (vacant loyal instant) (empty rough cloudy)",instant cloudy,vacant rough,vacant empty,loyal empty,loyal rough,vacant empty
"Find two words, one from each group, that are closest in meaning: (vacant lean neat) (tidy cloudy vast)",neat vast,neat tidy,lean cloudy,vacant cloudy,vacant tidy,neat tidy
"Find two words, one from each group, that are closest in meaning: (wild unwilling immediate) (thankful unusual instant)",immediate instant,wild unusual,unwilling thankful,wild thankful,unwilling unusual,immediate instant
"Find two words, one from each group, that are closest in meaning: (prompt avoid show) (incite pardon expand)",show expand,prompt pardon,avoid incite,avoid pardon,prompt incite,prompt incite
"Find two words, one from each group, that are closest in meaning: (unclean angry loyal) (moist faithful coarse)",loyal coarse,loyal faithful,unclean faithful,angry faithful,unclean moist,loyal faithful
"Find two words, one from each group, that are closest in meaning: (important savage faithful) (wild huge rare)",important wild,savage wild,important huge,faithful rare,savage huge,savage wild
"Find two words, one from each group, that are closest in meaning: (entire eternal peaceful) (pleasant dull whole)",entire dull,peaceful whole,entire pleasant,eternal dull,entire whole,entire whole
"Find two words, one from each group, that are closest in meaning: (vast old bold) (huge reluctant colossal)",vast huge,old reluctant,bold colossal,old huge,vast reluctant,vast huge
"Find two words, one from each group, that are closest in meaning: (harm work enemy) (liberty labour fluid)",harm liberty,work labour,enemy fluid,harm labour,work liberty,work labour
"Find two words, one from each group, that are closest in meaning: (imitate gather complete) (repair finish copy)",imitate finish,complete copy,gather finish,imitate copy,imitate repair,imitate copy
"Find two words, one from each group, that are closest in meaning: (scent dish flower) (blossom infant look)",flower blossom,dish infant,scent blossom,flower look,scent infant,flower blossom
"Find two words, one from each group, that are closest in meaning: (cease dodge dwell) (avoid fix live)",dwell live,dodge fix,cease fix,cease avoid,dodge avoid,dodge avoid
"Find two words, one from each group, that are closest in meaning: (help alter dwell) (change show repeat)",dwell repeat,help show,alter show,alter change,help change,alter change
"Find two words, one from each group, that are closest in meaning: (easy hard opaque) (rapid cloudy expensive)",easy cloudy,easy rapid,hard cloudy,opaque expensive,opaque cloudy,opaque cloudy
"Find two words, one from each group, that are closest in meaning: (prohibit end learn) (start study show)",prohibit start,learn study,learn show,prohibit study,end study,learn study
"Find two words, one from each group, that are closest in meaning: (inside blossom aroma) (scent clothing sleep)",aroma scent,blossom clothing,aroma sleep,inside clothing,inside scent,aroma scent
"Find two words, one from each group, that are closest in meaning: (price disaster cradle) (inside catastrophe fragrance)",price catastrophe,disaster catastrophe,disaster inside,cradle fragrance,price inside,disaster catastrophe
"Find two words, one from each group, that are closest in meaning: (everlasting thin important) (easy vital brief)",thin vital,important brief,important vital,everlasting easy,everlasting vital,important vital
"Find two words, one from each group, that are closest in meaning: (vacant dirty previous) (unclean lean delicate)",vacant unclean,dirty lean,dirty unclean,previous delicate,vacant lean,dirty unclean
"Find two words, one from each group, that are closest in meaning: (velocity rural nap) (country top cradle)",rural top,rural country,nap cradle,velocity country,velocity top,rural country
"Find two words, one from each group, that are closest in meaning: (start echo sleep) (collect scorch repeat)",echo scorch,start collect,echo repeat,start scorch,sleep repeat,echo repeat
"Find two words, one from each group, that are closest in meaning: (gloomy pleasant eternal) (nice happy vital)",eternal vital,pleasant nice,gloomy happy,pleasant happy,gloomy nice,pleasant nice
"Find two words, one from each group, that are closest in meaning: (depart stop gather) (examine leave recollect)",gather recollect,stop leave,depart examine,stop examine,depart leave,depart leave
"Find two words, one from each group, that are closest in meaning: (apparel peak pavement) (clothing foe scent)",apparel foe,peak foe,peak clothing,pavement scent,apparel clothing,apparel clothing
"Find two words, one from each group, that are closest in meaning: (stable modern odd) (sturdy strange important)",stable strange,stable sturdy,modern strange,odd strange,odd important,odd strange
"Find two words, one from each group, that are closest in meaning: (brief distinct fragile) (brave skilful delicate)",brief skilful,distinct brave,brief brave,distinct skilful,fragile delicate,fragile delicate
"Find two words, one from each group, that are closest in meaning: (conceal leave assist) (learn grow hide)",conceal grow,conceal learn,assist hide,conceal hide,leave grow,conceal hide
"Find two words, one from each group, that are closest in meaning: (change reduce tie) (inspect attach dodge)",tie attach,reduce attach,tie dodge,change inspect,change attach,tie attach
"Find two words, one from each group, that are closest in meaning: (gather fly dodge) (forgive collect shout)",fly forgive,fly collect,gather collect,dodge shout,gather forgive,gather collect
"Find two words, one from each group, that are closest in meaning: (liquid pavement freedom) (sidewalk hurt remorse)",freedom remorse,liquid hurt,liquid sidewalk,pavement hurt,pavement sidewalk,pavement sidewalk
"Find two words, one from each group, that are closest in meaning: (soften dodge shout) (begin melt stop)",dodge melt,shout stop,soften melt,soften begin,dodge begin,soften melt
"Find two words, one from each group, that are closest in meaning: (speed country slice) (cut baby fluid)",slice fluid,speed baby,slice cut,country baby,speed cut,slice cut
"Find two words, one from each group, that are closest in meaning: (rural hurricane mist) (fog sea mistake)",rural fog,hurricane sea,rural sea,mist mistake,mist fog,mist fog
"Find two words, one from each group, that are closest in meaning: (prompt slumber start) (reduce begin leave)",start leave,slumber begin,prompt reduce,start begin,prompt begin,start begin
"Find two words, one from each group, that are closest in meaning: (vague old quick) (rare rapid opaque)",quick rapid,vague rapid,quick opaque,vague rare,old rapid,quick rapid
"Find two words, one from each group, that are closest in meaning: (sturdy damp robust) (silent expensive strong)",damp silent,sturdy silent,sturdy expensive,damp expensive,robust strong,robust strong
"Find two words, one from each group, that are closest in meaning: (hurt foe sofa) (country scent couch)",foe country,sofa couch,foe scent,hurt country,hurt scent,sofa couch
"Find two words, one from each group, that are closest in meaning: (harm hurricane money) (hurt regret interior)",hurricane hurt,money interior,harm hurt,hurricane regret,harm regret,harm hurt
"Find two words, one from each group, that are closest in meaning: (copy inspect ignore) (examine shout look)",inspect examine,inspect shout,ignore look,copy examine,copy shout,inspect examine
"Find two words, one from each group, that are closest in meaning: (burn ignore shout) (help overlook reduce)",burn help,ignore overlook,shout reduce,ignore help,burn overlook,ignore overlook
"Find two words, one from each group, that are closest in meaning: (attach begin complete) (overlook stop finish)",begin stop,attach stop,complete finish,attach overlook,begin overlook,complete finish
"Find two words, one from each group, that are closest in meaning: (vague delicate dull) (damp unclear vast)",delicate unclear,delicate damp,vague damp,vague unclear,dull vast,vague unclear
"Find two words, one from each group, that are closest in meaning: (pavement poverty look) (clothing sight sofa)",pavement clothing,pavement sight,look sofa,look sight,poverty sight,look sight
"Find two words, one from each group, that are closest in meaning: (vague cheerful calm) (eternal peaceful mad)",cheerful peaceful,calm peaceful,vague peaceful,vague eternal,calm mad,calm peaceful
"Find two words, one from each group, that are closest in meaning: (cradle storm regret) (country labour remorse)",storm country,storm labour,cradle country,regret remorse,cradle labour,regret remorse
"Find two words, one from each group, that are closest in meaning: (angry rough sombre) (faithful gloomy loyal)",sombre loyal,rough gloomy,angry faithful,angry gloomy,sombre gloomy,sombre gloomy
"Find two words, one from each group, that are closest in meaning: (immediate silent harsh) (thankful skilful quiet)",immediate skilful,silent skilful,harsh quiet,immediate thankful,silent quiet,silent quiet
"Find two words, one from each group, that are closest in meaning: (enemy storm liberty) (freedom speed hurt)",enemy speed,enemy freedom,storm speed,liberty freedom,liberty hurt,liberty freedom
"Find two words, one from each group, that are closest in meaning: (need baby cot) (mist cradle infant)",cot infant,need mist,need cradle,baby cradle,cot cradle,cot cradle
"Find two words, one from each group, that are closest in meaning: (fragile awake unclean) (wild sombre alert)",fragile wild,unclean alert,awake sombre,fragile sombre,awake alert,awake alert
"Find two words, one from each group, that are closest in meaning: (fog bowl interior) (inside fluid hurt)",interior hurt,interior inside,fog inside,fog fluid,bowl fluid,interior inside
"Find two words, one from each group, that are closest in meaning: (immediate rough empty) (coarse damp harsh)",empty harsh,rough coarse,immediate coarse,rough damp,immediate damp,rough coarse
"Find two words, one from each group, that are closest in meaning: (inform reveal join) (reduce connect prohibit)",join connect,inform reduce,inform connect,reveal connect,join prohibit,join connect
"Find two words, one from each group, that are closest in meaning: (leave throw reveal) (imitate sleep show)",reveal show,leave sleep,throw sleep,throw imitate,leave imitate,reveal show
"Find two words, one from each group, that are closest in meaning: (short delicate correct) (truthful lucky right)",short lucky,delicate lucky,short truthful,delicate truthful,correct right,correct right
"Find two words, one from each group, that are closest in meaning: (scent money scent) (inside cot price)",money price,money cot,scent cot,scent price,scent inside,money price
"Find two words, one from each group, that are closest in meaning: (finish shout help) (soften ignore yell)",shout yell,finish ignore,shout ignore,help yell,finish soften,shout yell
"Find two words, one from each group, that are closest in meaning: (avoid alter recollect) (fly remember ban)",recollect remember,avoid remember,recollect ban,alter remember,avoid fly,recollect remember
"Find two words, one from each group, that are closest in meaning: (everlasting harsh robust) (neat simple cruel)",everlasting simple,everlasting neat,harsh cruel,harsh simple,robust cruel,harsh cruel
"Find two words, one from each group, that are closest in meaning: (begin burn incite) (scorch forgive soar)",burn scorch,begin scorch,incite soar,burn forgive,begin forgive,burn scorch
"Find two words, one from each group, that are closest in meaning: (savage reluctant angry) (old unwilling new)",savage old,reluctant unwilling,reluctant old,angry new,savage unwilling,reluctant unwilling
"Find two words, one from each group, that are closest in meaning: (toss pardon live) (elevate throw expand)",live expand,pardon elevate,pardon throw,toss elevate,toss throw,toss throw
"Find two words, one from each group, that are closest in meaning: (mistake stone pail) (rock look country)",mistake look,stone rock,stone look,mistake rock,pail country,stone rock
"Find two words, one from each group, that are closest in meaning: (prohibit start assist) (ignore change ban)",start change,prohibit ban,assist ban,prohibit change,prohibit ignore,prohibit ban
"Find two words, one from each group, that are closest in meaning: (tie slumber show) (incite finish sleep)",slumber finish,show sleep,slumber sleep,tie finish,tie incite,slumber sleep
"Find two words, one from each group, that are closest in meaning: (moist scared odd) (short unclean afraid)",scared afraid,moist short,moist unclean,odd afraid,scared unclean,scared afraid
"Find two words, one from each group, that are closest in meaning: (nice clear modern) (distinct new quick)",modern quick,modern new,nice distinct,nice new,clear new,modern new
"Find two words, one from each group, that are closest in meaning: (harsh round simple) (easy thankful loyal)",harsh thankful,simple easy,harsh easy,round thankful,simple loyal,simple easy
"Find two words, one from each group, that are closest in meaning: (mist storm mistake) (aroma rock hurricane)",storm rock,mistake hurricane,mist rock,storm hurricane,mist aroma,storm hurricane
"Find two words, one from each group, that are closest in meaning: (glance gather act) (play imitate alter)",gather imitate,glance imitate,glance play,act play,act alter,act play
"Find two words, one from each group, that are closest in meaning: (notify cease lessen) (inform prompt fix)",notify inform,cease prompt,lessen fix,cease inform,notify prompt,notify inform
"Find two words, one from each group, that are closest in meaning: (peaceful insane right) (mad wild clear)",right clear,peaceful mad,insane mad,peaceful wild,insane wild,insane mad
"Find two words, one from each group, that are closest in meaning: (boring damp easy) (fragile nice moist)",damp moist,boring fragile,boring nice,easy moist,damp nice,damp moist
"Find two words, one from each group, that are closest in meaning: (expensive former modern) (difficult brave costly)",expensive brave,expensive difficult,former brave,modern costly,expensive costly,expensive costly
"Find two words, one from each group, that are closest in meaning: (moist fortunate grateful) (funny nice thankful)",fortunate funny,grateful thankful,moist funny,fortunate nice,moist nice,grateful thankful
"Find two words, one from each group, that are closest in meaning: (angry immediate difficult) (sombre hard entire)",angry hard,angry sombre,difficult entire,difficult hard,immediate hard,difficult hard
"Find two words, one from each group, that are closest in meaning: (soar echo incite) (cease fly examine)",soar fly,soar cease,echo cease,echo fly,incite examine,soar fly
"Find two words, one from each group, that are closest in meaning: (previous afraid angry) (difficult unwilling former)",afraid unwilling,previous unwilling,previous former,angry former,previous difficult,previous former
"Find two words, one from each group, that are closest in meaning: (assist finish soar) (help live echo)",assist live,finish live,assist help,soar echo,finish help,assist help
"Find two words, one from each group, that are closest in meaning: (strange dull brave) (immediate boring bold)",dull boring,brave bold,strange immediate,dull immediate,strange boring,brave bold
"Find two words, one from each group, that are closest in meaning: (stable cautious thin) (unusual steady cloudy)",thin cloudy,stable unusual,stable steady,cautious unusual,cautious steady,stable steady
"Find two words, one from each group, that are closest in meaning: (previous afraid fortunate) (lucky vague empty)",fortunate lucky,fortunate empty,afraid vague,previous vague,previous lucky,fortunate lucky
"Find two words, one from each group, that are closest in meaning: (sombre eternal colossal) (everlasting calm short)",eternal everlasting,sombre everlasting,eternal calm,colossal short,sombre calm,eternal everlasting
"Find two words, one from each group, that are closest in meaning: (infant labour fog) (track regret baby)",labour regret,infant track,fog baby,infant baby,infant regret,infant baby
"Find two words, one from each group, that are closest in meaning: (bowl fluid fog) (remorse mistake dish)",bowl dish,bowl remorse,bowl mistake,fluid mistake,fog dish,bowl dish
"Find two words, one from each group, that are closest in meaning: (blossom peak remorse) (top fluid freedom)",peak top,remorse freedom,blossom fluid,peak fluid,blossom top,peak top
"Find two words, one from each group, that are closest in meaning: (elevate reduce incite) (imitate repair raise)",elevate imitate,elevate raise,incite raise,elevate repair,reduce repair,elevate raise
"Find two words, one from each group, that are closest in meaning: (track mistake ocean) (infant need trail)",track infant,track need,track trail,mistake need,ocean trail,track trail
"Find two words, one from each group, that are closest in meaning: (empty skilful whole) (pleasant able scared)",empty pleasant,whole scared,skilful able,empty able,skilful pleasant,skilful able
"Find two words, one from each group, that are closest in meaning: (fix inform overlook) (repair reveal cease)",inform reveal,fix repair,inform repair,fix reveal,overlook cease,fix repair
"Find two words, one from each group, that are closest in meaning: (dwell finish fix) (expand stop live)",dwell live,dwell stop,fix live,finish stop,dwell expand,dwell live
"Find two words, one from each group, that are closest in meaning: (moist skilful funny) (colossal witty silent)",funny silent,funny witty,moist colossal,skilful witty,moist witty,funny witty
"Find two words, one from each group, that are closest in meaning: (circular unclear mad) (round ancient steady)",unclear ancient,unclear round,circular ancient,mad steady,circular round,circular round
"Find two words, one from each group, that are closest in meaning: (money poverty ocean) (peak bowl need)",money peak,ocean need,poverty need,money bowl,poverty bowl,poverty need
"Find two words, one from each group, that are closest in meaning: (cheerful wild peaceful) (afraid cloudy happy)",peaceful happy,cheerful afraid,cheerful cloudy,cheerful happy,wild cloudy,cheerful happy
"Find two words, one from each group, that are closest in meaning: (labour stone bucket) (slice work pail)",labour work,labour slice,stone work,stone slice,bucket pail,bucket pail
"Find two words, one from each group, that are closest in meaning: (help pardon expand) (forgive reduce alter)",help forgive,expand alter,pardon reduce,pardon forgive,help reduce,pardon forgive
"Find two words, one from each group, that are closest in meaning: (brief cheerful damp) (short nice round)",damp round,brief nice,cheerful nice,cheerful short,brief short,brief short
"Find two words, one from each group, that are closest in meaning: (delicate quiet honest) (old truthful former)",quiet truthful,honest truthful,delicate old,honest former,delicate truthful,honest truthful
"Find two words, one from each group, that are closest in meaning: (empty rare huge) (strange truthful unusual)",huge unusual,empty strange,empty truthful,rare unusual,rare truthful,rare unusual
"Find two words, one from each group, that are closest in meaning: (stop expand help) (grow inspect dodge)",stop inspect,expand grow,stop grow,help dodge,expand inspect,expand grow
"Find two words, one from each group, that are closest in meaning: (liberty ocean velocity) (cot rock speed)",ocean cot,liberty rock,velocity speed,liberty cot,ocean rock,velocity speed
"Find two words, one from each group, that are closest in meaning: (funny silent ancient) (clear savage old)",ancient old,funny clear,silent clear,silent savage,funny savage,ancient old
"Find two words, one from each group, that are closest in meaning: (error inside trail) (baby apparel mistake)",error apparel,error baby,inside apparel,error mistake,trail mistake,error mistake
"Find two words, one from each group, that are closest in meaning: (expensive honest angry) (cross vague short)",expensive vague,angry short,angry cross,honest vague,expensive cross,angry cross
"Find two words, one from each group, that are closest in meaning: (work liquid remorse) (slice pail fluid)",remorse fluid,liquid pail,liquid fluid,work pail,work slice,liquid fluid
"Find two words, one from each group, that are closest in meaning: (dull damp important) (eternal vacant boring)",dull boring,important boring,damp vacant,dull eternal,dull vacant,dull boring
"Find two words, one from each group, that are closest in meaning: (cautious colossal whole) (mad gloomy careful)",cautious mad,cautious gloomy,cautious careful,whole careful,colossal gloomy,cautious careful
"Find two words, one from each group, that are closest in meaning: (reduce shout play) (lessen soften imitate)",shout lessen,reduce soften,reduce lessen,shout soften,play imitate,reduce lessen
"Find two words, one from each group, that are closest in meaning: (enemy blossom slice) (foe fragrance scent)",slice scent,enemy fragrance,blossom fragrance,enemy foe,blossom foe,enemy foe
"Find two words, one from each group, that are closest in meaning: (unclear quick distinct) (clear rough unusual)",quick rough,distinct unusual,distinct clear,unclear clear,unclear rough,distinct clear
"Find two words, one from each group, that are closest in meaning: (lean tidy stable) (thin steady cautious)",tidy thin,stable cautious,tidy steady,lean steady,lean thin,lean thin
"Find two words, one from each group, that are closest in meaning: (poverty cradle ocean) (hurt sea apparel)",ocean sea,ocean apparel,poverty sea,cradle sea,poverty hurt,ocean sea