id,question_text,pair1,pair2,option_A,option_B,option_C,option_D,option_E,answer
1,"(pebble, stone) (sway, tilt)","(pebble, stone)","(sway, tilt)",hard,rock,music,roll,boulder,rock
2,"(timepiece, clock) (observe, look)","(timepiece, clock)","(observe, look)",wrist,strap,watch,see,time,watch
3,"(coil, spiral) (jump, leap)","(coil, spiral)","(jump, leap)",winter,bounce,spring,wire,season,spring
4,"(correct, true) (direction, turn)","(correct, true)","(direction, turn)",left,wrong,right,angle,yes,right
5,"(stick, club) (nocturnal, creature)","(stick, club)","(nocturnal, creature)",ball,fly,bat,night,wing,bat
6,"(tree, skin) (dog, yap)","(tree, skin)","(dog, yap)",wood,noise,bark,loud,growl,bark
7,"(preserve, jelly) (crowd, block)","(preserve, jelly)","(crowd, block)",sweet,traffic,jam,jar,stuck,jam
8,"(snooker, billiards) (pond, lake)","(snooker, billiards)","(pond, lake)",swim,cue,pool,water,game,pool
9,"(pit, colliery) (explosive, bomb)","(pit, colliery)","(explosive, bomb)",yours,dig,mine,coal,bang,mine
10,"(screw, metal) (dash, run)","(screw, metal)","(dash, run)",nut,fast,bolt,lock,sprint,bolt
11,"(cordial, drink) (crush, flatten)","(cordial, drink)","(crush, flatten)",sport,juice,squash,fruit,press,squash
12,"(paddle, bat) (din, noise)","(paddle, bat)","(din, noise)",tennis,loud,racket,sound,court,racket
13,"(herb, flavor) (fortune, wealth)","(herb, flavor)","(fortune, wealth)",fresh,money,mint,green,rich,mint
14,"(beat, hammer) (currency, money)","(beat, hammer)","(currency, money)",weight,hit,pound,coin,heavy,pound
15,"(outhouse, hut) (drop, moult)","(outhouse, hut)","(drop, moult)",store,hair,shed,garden,fall,shed
16,"(fete, carnival) (just, unbiased)","(fete, carnival)","(just, unbiased)",judge,ride,fair,equal,fun,fair
17,"(thin, slender) (rest, tilt)","(thin, slender)","(rest, tilt)",meat,fat,lean,prop,wall,lean
18,"(hop, jump) (omit, miss)","(hop, jump)","(omit, miss)",rope,jump,skip,pass,run,skip
19,"(stumble, fall) (journey, tour)","(stumble, fall)","(journey, tour)",travel,drop,trip,holiday,foot,trip
20,"(fail, overlook) (lady, girl)","(fail, overlook)","(lady, girl)",lose,hit,miss,mrs,target,miss
21,"(waterfowl, bird) (lower, crouch)","(waterfowl, bird)","(lower, crouch)",goose,down,duck,quack,head,duck
22,"(teach, coach) (locomotive, rail)","(teach, coach)","(locomotive, rail)",learn,track,train,bus,skill,train
23,"(basin, washbowl) (descend, drop)","(basin, washbowl)","(descend, drop)",tap,swim,sink,drown,kitchen,sink
24,"(soar, glide) (insect, bug)","(soar, glide)","(insect, bug)",plane,wing,fly,buzz,sky,fly
25,"(gesture, signal) (ripple, surf)","(gesture, signal)","(ripple, surf)",hand,sea,wave,hello,tide,wave
26,"(tree, coconut) (hand, grasp)","(tree, coconut)","(hand, grasp)",fingers,leaf,palm,read,date,palm
27,"(box, trunk) (torso, body)","(box, trunk)","(torso, body)",drawers,heart,chest,ribs,store,chest
28,"(crate, carton) (fight, spar)","(crate, carton)","(fight, spar)",square,ring,box,hit,gift,box
29,"(contest, game) (ignite, light)","(contest, game)","(ignite, light)",sport,fire,match,win,pair,match
30,"(write, biro) (enclosure, coop)","(write, biro)","(enclosure, coop)",ink,pig,pen,paper,farm,pen
31,"(orator, talker) (amplifier, audio)","(orator, talker)","(amplifier, audio)",loud,voice,speaker,sound,box,speaker
32,"(admirer, supporter) (cooler, blower)","(admirer, supporter)","(cooler, blower)",club,wind,fan,heat,air,fan
33,"(imprint, mark) (trample, stomp)","(imprint, mark)","(trample, stomp)",foot,post,stamp,mail,crush,stamp
34,"(hit, strike) (drink, beverage)","(hit, strike)","(drink, beverage)",fruit,fist,punch,fight,bowl,punch
35,"(society, group) (cudgel, weapon)","(society, group)","(cudgel, weapon)",member,hit,club,team,stick,club
36,"(mouth, teeth) (glue, stick)","(mouth, teeth)","(glue, stick)",chew,paste,gum,candy,red,gum
37,"(celebrity, idol) (sun, celestial)","(celebrity, idol)","(sun, celestial)",movie,sky,star,shine,famous,star
38,"(vat, container) (armored, vehicle)","(vat, container)","(armored, vehicle)",fish,army,tank,water,war,tank
39,"(path, trail) (monitor, follow)","(path, trail)","(monitor, follow)",train,race,track,trace,run,track
40,"(drama, show) (fun, recreation)","(drama, show)","(fun, recreation)",game,act,play,stage,toy,play
41,"(green, garden) (station, stop)","(green, garden)","(station, stop)",car,bench,park,grass,place,park
42,"(grilled, bread) (salute, tribute)","(grilled, bread)","(salute, tribute)",drink,burn,toast,warm,speech,toast
43,"(jacket, layer) (cover, paint)","(jacket, layer)","(cover, paint)",wear,fur,coat,gloss,warm,coat
44,"(folder, dossier) (rasp, tool)","(folder, dossier)","(rasp, tool)",smooth,paper,file,sort,metal,file
45,"(climb, ascend) (weigh, balance)","(climb, ascend)","(weigh, balance)",fish,ladder,scale,grams,up,scale
46,"(slopes, sides) (financial, store)","(slopes, sides)","(financial, store)",money,river,bank,robber,safe,bank
47,"(lamp, bulb) (pale, airy)","(lamp, bulb)","(pale, airy)",sun,heavy,light,dark,bright,light
48,"(flower, bloom) (stood, ascended)","(flower, bloom)","(stood, ascended)",red,up,rose,petal,sat,rose
49,"(tool, blade) (observed, viewed)","(tool, blade)","(observed, viewed)",cut,eyes,saw,wood,look,saw
50,"(line, tier) (paddle, propel)","(line, tier)","(paddle, propel)",boat,queue,row,fight,oar,row
51,"(king, leader) (measure, straightedge)","(king, leader)","(measure, straightedge)",queen,inch,ruler,crown,line,ruler
52,"(rip, shred) (weep, cry)","(rip, shred)","(weep, cry)",paper,sad,tear,drop,split,tear
53,"(breeze, gust) (twist, coil)","(breeze, gust)","(twist, coil)",blow,turn,wind,storm,clock,wind
54,"(guide, direct) (metal, graphite)","(guide, direct)","(metal, graphite)",follow,heavy,lead,pencil,first,lead
55,"(shut, seal) (near, adjacent)","(shut, seal)","(near, adjacent)",open,far,close,door,friend,close
56,"(exist, reside) (broadcast, real-time)","(exist, reside)","(broadcast, real-time)",life,tv,live,die,house,live
57,"(fruit, sweet) (day, time)","(fruit, sweet)","(day, time)",palm,meet,date,calendar,food,date
58,"(student, scholar) (eye, iris)","(student, scholar)","(eye, iris)",school,sight,pupil,teach,look,pupil
59,"(new, original) (book, fiction)","(new, original)","(book, fiction)",story,fresh,novel,read,old,novel
60,"(fireplace, hearth) (shred, rub)","(fireplace, hearth)","(shred, rub)",cheese,fire,grate,bars,cook,grate
61,"(dance, prom) (sphere, orb)","(dance, prom)","(sphere, orb)",round,music,ball,gown,game,ball
62,"(unlock, opener) (legend, guide)","(unlock, opener)","(legend, guide)",door,map,key,metal,lock,key
63,"(invoice, account) (beak, neb)","(invoice, account)","(beak, neb)",pay,bird,bill,money,cost,bill
64,"(circle, loop) (call, chime)","(circle, loop)","(call, chime)",finger,bell,ring,gold,round,ring
65,"(departed, gone) (side, port)","(departed, gone)","(side, port)",right,away,left,hand,turn,left
66,"(attack, rush) (price, fee)","(attack, rush)","(price, fee)",run,cost,charge,battery,pay,charge
67,"(score, tally) (aim, direct)","(score, tally)","(aim, direct)",dot,finger,point,win,sharp,point
68,"(place, location) (pimple, mark)","(place, location)","(pimple, mark)",dot,see,spot,dog,site,spot
69,"(commander, officer) (common, broad)","(commander, officer)","(common, broad)",army,all,general,leader,rule,general
70,"(peak, summit) (spinner, toy)","(peak, summit)","(spinner, toy)",bottom,high,top,lid,hat,top
71,"(garden, patio) (measurement, distance)","(garden, patio)","(measurement, distance)",grass,feet,yard,play,length,yard
72,"(pack, cards) (floor, level)","(pack, cards)","(floor, level)",ship,ace,deck,board,suit,deck
73,"(plank, timber) (council, directors)","(plank, timber)","(council, directors)",wood,meet,board,game,chalk,board
74,"(company, business) (solid, hard)","(company, business)","(solid, hard)",soft,boss,firm,work,strong,firm
75,"(quick, rapid) (starve, abstain)","(quick, rapid)","(starve, abstain)",slow,food,fast,speed,eat,fast
76,"(gift, offering) (here, attendance)","(gift, offering)","(here, attendance)",now,give,present,box,time,present
77,"(branch, twig) (adhere, glue)","(branch, twig)","(adhere, glue)",wood,stay,stick,pole,tape,stick
78,"(force, effort) (filter, sift)","(force, effort)","(filter, sift)",hurt,pull,strain,tea,drain,strain
79,"(gentle, soft) (offer, bid)","(gentle, soft)","(offer, bid)",meat,kind,tender,money,care,tender
80,"(tomb, bury) (serious, solemn)","(tomb, bury)","(serious, solemn)",dead,sad,grave,stone,dig,grave
81,"(steady, firm) (horse, barn)","(steady, firm)","(horse, barn)",farm,safe,stable,fix,stall,stable
82,"(said, voiced) (wire, radius)","(said, voiced)","(wire, radius)",wheel,talk,spoke,bike,word,spoke
83,"(swoon, collapse) (dim, weak)","(swoon, collapse)","(dim, weak)",fall,light,faint,pale,dizzy,faint
84,"(presenter, compere) (multitude, army)","(presenter, compere)","(multitude, army)",guest,party,host,crowd,tv,host
85,"(gap, room) (universe, cosmos)","(gap, room)","(universe, cosmos)",star,blank,space,ship,open,space
86,"(tolerant, calm) (sick, invalid)","(tolerant, calm)","(sick, invalid)",doctor,wait,patient,care,time,patient
87,"(lord, noble) (stare, gaze)","(lord, noble)","(stare, gaze)",look,duke,peer,friend,equal,peer
88,"(tube, conduit) (smoke, tobacco)","(tube, conduit)","(smoke, tobacco)",water,puff,pipe,lead,plumb,pipe
89,"(conspire, scheme) (story, land)","(conspire, scheme)","(story, land)",plan,garden,plot,book,area,plot
90,"(mail, send) (pole, stake)","(mail, send)","(pole, stake)",letter,fence,post,office,wood,post
91,"(push, squeeze) (media, newspapers)","(push, squeeze)","(media, newspapers)",iron,news,press,button,print,press
92,"(award, trophy) (value, treasure)","(award, trophy)","(value, treasure)",win,gold,prize,gift,medal,prize
93,"(sheep, male) (crash, bump)","(sheep, male)","(crash, bump)",goat,hit,ram,wool,push,ram
94,"(spots, hives) (hasty, careless)","(spots, hives)","(hasty, careless)",itch,fast,rash,skin,red,rash
95,"(relax, sleep) (remainder, others)","(relax, sleep)","(remainder, others)",bed,left,rest,pause,stop,rest
96,"(moment, instant) (next, following)","(moment, instant)","(next, following)",time,two,second,wait,hour,second
97,"(slide, skid) (petticoat, underskirt)","(slide, skid)","(petticoat, underskirt)",fall,dress,slip,trip,paper,slip
98,"(break, crack) (photo, picture)","(break, crack)","(photo, picture)",click,fast,snap,shot,sound,snap
99,"(noise, audio) (safe, reliable)","(noise, audio)","(safe, reliable)",hear,good,sound,music,loud,sound
100,"(extra, reserve) (save, pardon)","(extra, reserve)","(save, pardon)",tyre,free,spare,give,keep,spare
101,"(mammal, sea-lion) (shut, fasten)","(mammal, sea-lion)","(shut, fasten)",otter,glue,seal,door,swim,seal
102,"(archer, weapon) (knot, ribbon)","(archer, weapon)","(knot, ribbon)",arrow,tie,bow,shoot,lace,bow
103,"(piece, morsel) (drill, tool)","(piece, morsel)","(drill, tool)",part,hole,bit,metal,crumb,bit
104,"(tin, container) (able, ability)","(tin, container)","(able, ability)",jar,do,can,steel,skill,can
105,"(city, main) (money, wealth)","(city, main)","(money, wealth)",town,bank,capital,letter,rich,capital
106,"(box, crate) (instance, example)","(box, crate)","(instance, example)",law,pack,case,bag,point,case
107,"(throw, toss) (actors, company)","(throw, toss)","(actors, company)",play,sling,cast,mould,movie,cast
108,"(alter, modify) (coins, money)","(alter, modify)","(coins, money)",shift,cash,change,spend,vary,change
109,"(fry, potato) (fragment, shard)","(fry, potato)","(fragment, shard)",crisp,crack,chip,break,food,chip
110,"(fastener, holder) (cut, trim)","(fastener, holder)","(cut, trim)",shear,pin,clip,film,paper,clip
111,"(happy, satisfied) (inside, ingredients)","(happy, satisfied)","(inside, ingredients)",glad,fill,content,full,joy,content
112,"(bird, wader) (lift, hoist)","(bird, wader)","(lift, hoist)",fly,build,crane,neck,machine,crane
113,"(insect, bug) (sport, game)","(insect, bug)","(sport, game)",jump,bat,cricket,grass,match,cricket
114,"(flow, stream) (now, present)","(flow, stream)","(now, present)",river,today,current,tide,electric,current
115,"(trade, bargain) (wood, pine)","(trade, bargain)","(wood, pine)",sale,tree,deal,plank,card,deal
116,"(feathers, soft) (below, lower)","(feathers, soft)","(below, lower)",fluff,under,down,bird,drop,down
117,"(sketch, picture) (pull, drag)","(sketch, picture)","(pull, drag)",art,haul,draw,line,pencil,draw
118,"(tool, bore) (practice, exercise)","(tool, bore)","(practice, exercise)",hole,train,drill,march,bit,drill
119,"(flat, level) (number, equal)","(flat, level)","(number, equal)",smooth,odd,even,fair,same,even
120,"(cut, chop) (hill, mountain)","(cut, chop)","(hill, mountain)",axe,peak,fell,down,high,fell
121,"(cloth, fabric) (sensed, touched)","(cloth, fabric)","(sensed, touched)",wool,knew,felt,soft,heart,felt
122,"(penalty, charge) (thin, delicate)","(penalty, charge)","(thin, delicate)",cost,nice,fine,hair,pay,fine
123,"(apartment, home) (level, smooth)","(apartment, home)","(level, smooth)",house,even,flat,tyre,plan,flat
124,"(fast, rapid) (ships, navy)","(fast, rapid)","(ships, navy)",quick,boat,fleet,sea,admiral,fleet
125,"(buoy, raft) (parade, wagon)","(buoy, raft)","(parade, wagon)",swim,car,float,sink,water,float
126,"(shape, figure) (class, grade)","(shape, figure)","(class, grade)",mould,year,form,fill,sort,form
127,"(established, started) (discovered, located)","(established, started)","(discovered, located)",built,lost,found,basis,seek,found
128,"(sport, match) (animals, hunted)","(sport, match)","(animals, hunted)",play,wild,game,toy,fun,game
129,"(crystal, material) (tumbler, beaker)","(crystal, material)","(tumbler, beaker)",break,cup,glass,clear,drink,glass
130,"(earth, soil) (crushed, milled)","(earth, soil)","(crushed, milled)",land,flour,ground,floor,dust,ground
131,"(ice, frozen) (greet, call)","(ice, frozen)","(greet, call)",rain,hello,hail,storm,taxi,hail
132,"(egg, open) (door, opening)","(egg, open)","(door, opening)",chick,gate,hatch,plan,exit,hatch
133,"(grasp, grip) (storage, ship)","(grasp, grip)","(storage, ship)",hand,keep,hold,cargo,wait,hold
134,"(metal, steel) (press, smooth)","(metal, steel)","(press, smooth)",hard,shirt,iron,heat,heavy,iron
135,"(pot, vessel) (shake, jolt)","(pot, vessel)","(shake, jolt)",glass,shock,jar,lid,jam,jar
136,"(cow, cattle) (shirt, pullover)","(cow, cattle)","(shirt, pullover)",milk,knit,jersey,wear,farm,jersey
137,"(castle, tower) (retain, hold)","(castle, tower)","(retain, hold)",stay,fort,keep,safe,guard,keep
138,"(nice, gentle) (type, sort)","(nice, gentle)","(type, sort)",good,class,kind,mean,help,kind
139,"(drink, lick) (knees, legs)","(drink, lick)","(knees, legs)",sit,cat,lap,run,pool,lap
140,"(final, end) (endure, survive)","(final, end)","(endure, survive)",first,long,last,time,past,last
141,"(place, put) (song, poem)","(place, put)","(song, poem)",set,sing,lay,egg,bed,lay
142,"(foliage, green) (departs, goes)","(foliage, green)","(departs, goes)",tree,exit,leaves,plant,fall,leaves
143,"(mail, post) (character, symbol)","(mail, post)","(character, symbol)",send,write,letter,note,word,letter
144,"(untruth, fib) (recline, rest)","(untruth, fib)","(recline, rest)",bed,FALSE,lie,sit,truth,lie
145,"(fruit, citrus) (stone, chalk)","(fruit, citrus)","(stone, chalk)",green,rock,lime,sour,soda,lime
146,"(hair, curl) (secure, fasten)","(hair, curl)","(secure, fasten)",key,wig,lock,door,safe,lock
147,"(length, tall) (yearn, wish)","(length, tall)","(yearn, wish)",short,want,long,time,wait,long
148,"(wood, timber) (plod, trudge)","(wood, timber)","(plod, trudge)",tree,walk,lumber,saw,heavy,lumber
149,"(male, guy) (staff, crew)","(male, guy)","(staff, crew)",boy,work,man,human,boss,man
150,"(month, spring) (walk, parade)","(month, spring)","(walk, parade)",step,april,march,army,drill,march
151,"(month, spring) (might, could)","(month, spring)","(might, could)",can,june,may,be,wish,may
152,"(nasty, cruel) (average, midpoint)","(nasty, cruel)","(average, midpoint)",bad,math,mean,sign,mode,mean
153,"(animal, burrower) (skin, spot)","(animal, burrower)","(skin, spot)",dig,face,mole,spy,hole,mole
154,"(cup, beaker) (rob, attack)","(cup, beaker)","(rob, attack)",tea,steal,mug,face,drink,mug
155,"(finger, talon) (spike, tack)","(finger, talon)","(spike, tack)",hammer,claw,nail,hand,hit,nail
156,"(music, tone) (message, memo)","(music, tone)","(message, memo)",sing,write,note,paper,tune,note
157,"(body, heart) (instrument, piano)","(body, heart)","(instrument, piano)",lung,play,organ,pipes,music,organ
158,"(sheet, paper) (servant, attendant)","(sheet, paper)","(servant, attendant)",book,boy,page,turn,read,page
159,"(skillet, pot) (criticize, slam)","(skillet, pot)","(criticize, slam)",cook,bad,pan,fry,metal,pan
160,"(glue, adhesive) (dough, mix)","(glue, adhesive)","(dough, mix)",stick,bake,paste,flour,gum,paste
161,"(throw, hurl) (field, ground)","(throw, hurl)","(field, ground)",ball,grass,pitch,sport,toss,pitch
162,"(simple, basic) (grassland, flat)","(simple, basic)","(grassland, flat)",easy,field,plain,clear,dull,plain
163,"(tool, smoother) (aircraft, jet)","(tool, smoother)","(aircraft, jet)",fly,wood,plane,wing,flat,plane
164,"(flower, bush) (factory, works)","(flower, bush)","(factory, works)",grow,make,plant,root,leaf,plant
165,"(dish, platter) (sheet, metal)","(dish, platter)","(sheet, metal)",food,flat,plate,armour,bowl,plate
166,"(game, cards) (rod, fire)","(game, cards)","(rod, fire)",bet,hot,poker,play,iron,poker
167,"(harbour, dock) (wine, drink)","(harbour, dock)","(wine, drink)",ship,red,port,safe,left,port
168,"(fruit, dried) (cut, trim)","(fruit, dried)","(cut, trim)",plum,snip,prune,tree,sweet,prune
169,"(beat, rhythm) (beans, lentils)","(beat, rhythm)","(beans, lentils)",heart,food,pulse,throb,vein,pulse
170,"(prey, victim) (mine, pit)","(prey, victim)","(mine, pit)",hunt,stone,quarry,chase,dig,quarry
171,"(fourth, fraction) (coin, money)","(fourth, fraction)","(coin, money)",half,cash,quarter,part,spend,quarter
172,"(run, sprint) (people, nation)","(run, sprint)","(people, nation)",fast,group,race,track,win,race
173,"(track, bar) (complain, rant)","(track, bar)","(complain, rant)",train,moan,rail,fence,line,rail
174,"(lift, elevate) (increase, pay)","(lift, elevate)","(increase, pay)",up,money,raise,hand,high,raise
175,"(tool, garden) (slope, tilt)","(tool, garden)","(slope, tilt)",leaf,angle,rake,gather,comb,rake
176,"(distance, scope) (cooker, stove)","(distance, scope)","(cooker, stove)",far,heat,range,shoot,mount,range
177,"(smell, foul) (status, level)","(smell, foul)","(status, level)",stink,army,rank,order,bad,rank
178,"(scarce, uncommon) (raw, bloody)","(scarce, uncommon)","(raw, bloody)",few,meat,rare,find,cook,rare
179,"(speed, pace) (cost, price)","(speed, pace)","(cost, price)",fast,pay,rate,value,tax,rate
180,"(beam, light) (fish, skate)","(beam, light)","(fish, skate)",sun,swim,ray,shine,sea,ray
181,"(back, behind) (raise, breed)","(back, behind)","(raise, breed)",front,grow,rear,end,care,rear
182,"(garbage, waste) (deny, reject)","(garbage, waste)","(deny, reject)",bin,no,refuse,trash,say,refuse
183,"(bang, noise) (news, account)","(bang, noise)","(news, account)",gun,paper,report,loud,tell,report
184,"(bun, bread) (rotate, turn)","(bun, bread)","(rotate, turn)",eat,spin,roll,round,rock,roll
185,"(plant, underground) (dig, rummage)","(plant, underground)","(dig, rummage)",tree,pig,root,grow,soil,root
186,"(hurry, dash) (reed, plant)","(hurry, dash)","(reed, plant)",fast,grow,rush,water,run,rush
187,"(bag, pouch) (fire, dismiss)","(bag, pouch)","(fire, dismiss)",cloth,job,sack,store,boss,sack
188,"(herb, spice) (wise, smart)","(herb, spice)","(wise, smart)",cook,old,sage,green,know,sage
189,"(fish, shoal) (teach, class)","(fish, shoal)","(teach, class)",swim,learn,school,group,room,school
190,"(fight, brawl) (rubbish, waste)","(fight, brawl)","(rubbish, waste)",hit,junk,scrap,metal,row,scrap
191,"(monitor, display) (hide, shield)","(monitor, display)","(hide, shield)",tv,cover,screen,view,wall,screen
192,"(spice, flavour) (time, period)","(spice, flavour)","(time, period)",salt,year,season,food,term,season
193,"(tremble, shiver) (drink, milk)","(tremble, shiver)","(drink, milk)",cold,mix,shake,hand,move,shake
194,"(bed, linen) (paper, page)","(bed, linen)","(paper, page)",sleep,write,sheet,cover,thin,sheet
195,"(sea, husk) (bomb, explosive)","(sea, husk)","(bomb, explosive)",sand,fire,shell,hard,nut,shell
196,"(store, market) (grass, inform)","(store, market)","(grass, inform)",buy,tell,shop,sell,cop,shop
197,"(rain, storm) (wash, bathe)","(rain, storm)","(wash, bathe)",wet,clean,shower,water,cloud,shower
198,"(symbol, mark) (autograph, name)","(symbol, mark)","(autograph, name)",post,write,sign,road,pen,sign
199,"(fish, ray) (ice, glide)","(fish, ray)","(ice, glide)",sea,slip,skate,blade,cold,skate
200,"(snail, insect) (hit, punch)","(snail, insect)","(hit, punch)",slow,fight,slug,garden,fist,slug
201,"(equal, level) (unmarried, sole)","(equal, level)","(unmarried, sole)",one,even,single,only,alone,single
202,"(unpleasant, stale) (line, queue)","(unpleasant, stale)","(line, queue)",smell,wait,rank,army,bad,rank
203,"(vocal, sound) (healthy, sturdy)","(vocal, sound)","(healthy, sturdy)",hear,strong,sound,voice,well,sound
204,"(scold, reproach) (sniff, inhale)","(scold, reproach)","(sniff, inhale)",nose,tell,snuff,candle,smell,snuff
205,"(rotate, spin) (bicycle, cycle)","(rotate, spin)","(bicycle, cycle)",turn,bike,wheel,round,roll,wheel
206,"(broad, wide) (tolerable, okay)","(broad, wide)","(tolerable, okay)",large,good,fair,quite,side,fair
207,"(sharp, clever) (bright, intelligent)","(sharp, clever)","(bright, intelligent)",keen,brainy,smart,suit,neat,smart
208,"(unhappy, dejected) (under, below)","(unhappy, dejected)","(under, below)",sad,low,down,bird,bottom,down
209,"(stroll, amble) (frame, mount)","(stroll, amble)","(frame, mount)",run,border,walk,hike,step,walk
210,"(standard, norm) (mean, average)","(standard, norm)","(mean, average)",golf,equal,par,usual,level,par
211,"(swindle, cheat) (stone, gem)","(swindle, cheat)","(stone, gem)",scam,jewel,rock,boulder,con,rock
212,"(fasten, secure) (bolt, latch)","(fasten, secure)","(bolt, latch)",key,safe,lock,door,hold,lock
213,"(small, tiny) (minute, detailed)","(small, tiny)","(minute, detailed)",little,brief,slight,thin,minor,slight
214,"(dull, boring) (unsharpened, blunt)","(dull, boring)","(unsharpened, blunt)",tedious,edge,flat,level,plain,flat
215,"(limit, boundary) (faint, dim)","(limit, boundary)","(faint, dim)",edge,light,pale,fence,weak,pale
216,"(rigid, stiff) (precise, strict)","(rigid, stiff)","(precise, strict)",firm,exact,hard,tough,fixed,hard
217,"(observe, witness) (clock, timer)","(observe, witness)","(clock, timer)",see,hand,watch,look,time,watch
218,"(vessel, craft) (retail, market)","(vessel, craft)","(retail, market)",boat,buy,shop,store,sale,shop
219,"(stretch, extend) (track, reach)","(stretch, extend)","(track, reach)",span,trail,range,far,scope,range
220,"(gentle, kind) (soft, yielding)","(gentle, kind)","(soft, yielding)",tame,weak,mild,warm,easy,mild
221,"(fleece, wool) (layer, surface)","(fleece, wool)","(layer, surface)",sheep,skin,coat,jacket,paint,coat
222,"(border, edge) (rim, fringe)","(border, edge)","(rim, fringe)",side,line,hem,skirt,sew,hem
223,"(solid, dense) (thick, cloudy)","(solid, dense)","(thick, cloudy)",weight,dark,heavy,hard,full,heavy
224,"(lean, slender) (slim, narrow)","(lean, slender)","(slim, narrow)",skinny,tight,thin,meat,bony,thin
225,"(circle, loop) (call, toll)","(circle, loop)","(call, toll)",round,bell,ring,band,sound,ring
226,"(simple, easy) (clear, obvious)","(simple, easy)","(clear, obvious)",basic,flat,plain,field,dull,plain
227,"(swift, fast) (brief, short)","(swift, fast)","(brief, short)",rapid,small,quick,speed,fast,quick
228,"(level, even) (flush, aligned)","(level, even)","(flush, aligned)",smooth,flat,straight,TRUE,square,flat
229,"(fame, glory) (status, credit)","(fame, glory)","(status, credit)",star,term,name,title,reputation,name
230,"(scent, aroma) (track, trail)","(scent, aroma)","(track, trail)",odour,path,smell,nose,hunt,smell
231,"(vessel, dish) (bowl, basin)","(vessel, dish)","(bowl, basin)",pan,cup,pot,jug,plate,pot
232,"(rod, pole) (post, stake)","(rod, pole)","(post, stake)",stick,fence,bar,iron,staff,bar
233,"(fabric, material) (stuff, matter)","(fabric, material)","(stuff, matter)",wool,thing,cloth,sheet,item,cloth
234,"(path, lane) (way, route)","(path, lane)","(way, route)",trail,street,road,track,drive,road
235,"(label, tag) (slip, sticker)","(label, tag)","(slip, sticker)",name,folder,tab,mark,sign,tab
236,"(rim, lip) (brink, verge)","(rim, lip)","(brink, verge)",side,limit,edge,border,end,edge
237,"(tiny, small) (mite, scrap)","(tiny, small)","(mite, scrap)",little,part,bit,crumb,piece,bit
238,"(secure, fasten) (fix, attach)","(secure, fasten)","(fix, attach)",tie,hold,bind,glue,link,bind
239,"(gap, opening) (slot, vent)","(gap, opening)","(slot, vent)",hole,cut,slit,tear,crack,slit
240,"(foul, dirty) (vile, nasty)","(foul, dirty)","(vile, nasty)",bad,low,base,mean,cruel,base
241,"(brief, short) (summary, outline)","(brief, short)","(summary, outline)",quick,draft,sketch,draw,plot,sketch
242,"(neat, tidy) (trim, orderly)","(neat, tidy)","(trim, orderly)",clean,fix,smart,clear,fresh,smart
243,"(solid, firm) (hard, sturdy)","(solid, firm)","(hard, sturdy)",tough,strong,stiff,rigid,fixed,stiff
244,"(loyal, true) (steady, firm)","(loyal, true)","(steady, firm)",friend,fixed,fast,quick,sure,fast
245,"(faint, weak) (slight, minor)","(faint, weak)","(slight, minor)",soft,low,small,little,thin,small
246,"(rough, harsh) (coarse, crude)","(rough, harsh)","(coarse, crude)",hard,rude,gruff,loud,stern,gruff
247,"(pure, clean) (clear, bright)","(pure, clean)","(clear, bright)",good,fresh,fair,white,fine,fair
248,"(broad, wide) (vast, large)","(broad, wide)","(vast, large)",full,huge,big,great,main,big
249,"(gentle, soft) (calm, still)","(gentle, soft)","(calm, still)",tame,quiet,mild,low,easy,mild
250,"(swift, fast) (rapid, quick)","(swift, fast)","(rapid, quick)",speed,haste,fleet,run,dash,fleet
251,"(strong, stout) (firm, solid)","(strong, stout)","(firm, solid)",hard,brave,tough,stiff,thick,tough
252,"(simple, basic) (plain, easy)","(simple, basic)","(plain, easy)",only,clear,mere,bare,just,mere
253,"(faint, dim) (pale, weak)","(faint, dim)","(pale, weak)",dark,soft,low,light,small,low
254,"(trim, tidy) (neat, orderly)","(trim, tidy)","(neat, orderly)",fresh,clear,clean,fix,pure,clean
255,"(loyal, staunch) (firm, fixed)","(loyal, staunch)","(firm, fixed)",sure,fast,TRUE,right,real,TRUE
256,"(solid, hard) (firm, stiff)","(solid, hard)","(firm, stiff)",strong,fixed,tight,tough,bound,tight
257,"(pure, sheer) (total, utter)","(pure, sheer)","(total, utter)",full,clear,clean,mere,just,clean
258,"(fine, thin) (slight, minor)","(fine, thin)","(slight, minor)",weak,little,small,light,low,small
259,"(rough, harsh) (stern, severe)","(rough, harsh)","(stern, severe)",cruel,tough,hard,firm,sharp,hard
260,"(broad, open) (clear, plain)","(broad, open)","(clear, plain)",wide,frank,free,easy,full,free
261,"(firm, solid) (stable, fixed)","(firm, solid)","(stable, fixed)",hard,sure,fast,steady,tight,fast
262,"(pure, clean) (fine, neat)","(pure, clean)","(fine, neat)",clear,trim,smart,good,fresh,smart
263,"(solid, sturdy) (tough, hard)","(solid, sturdy)","(tough, hard)",firm,brave,strong,fixed,stiff,strong
264,"(sheer, steep) (sharp, abrupt)","(sheer, steep)","(sharp, abrupt)",cliff,rough,bluff,short,stern,bluff
265,"(fine, clear) (fair, bright)","(fine, clear)","(fair, bright)",good,sun,light,pale,thin,light
266,"(rough, coarse) (harsh, severe)","(rough, coarse)","(harsh, severe)",hard,stern,gruff,rude,low,gruff
267,"(broad, wide) (loose, large)","(broad, wide)","(loose, large)",big,vast,full,great,main,full
268,"(firm, fixed) (secure, stable)","(firm, fixed)","(secure, stable)",steady,sure,fast,tight,hard,fast
269,"(pure, mere) (simple, plain)","(pure, mere)","(simple, plain)",only,clear,bare,just,naked,bare
270,"(solid, hard) (firm, tough)","(solid, hard)","(firm, tough)",rigid,strong,stiff,fixed,thick,stiff
271,"(sheer, pure) (total, utter)","(sheer, pure)","(total, utter)",clean,mere,clear,full,just,clear
272,"(fine, thin) (small, slight)","(fine, thin)","(small, slight)",little,minor,light,weak,low,light
273,"(rough, harsh) (tough, hard)","(rough, harsh)","(tough, hard)",severe,firm,stern,sharp,cruel,stern
274,"(broad, wide) (open, frank)","(broad, wide)","(open, frank)",vast,easy,free,clear,plain,free
275,"(firm, solid) (steady, fixed)","(firm, solid)","(steady, fixed)",stable,sure,fast,tight,hard,fast
276,"(pure, clean) (trim, neat)","(pure, clean)","(trim, neat)",clear,fine,smart,good,fresh,smart
277,"(solid, sturdy) (tough, hard)","(solid, sturdy)","(tough, hard)",firm,brave,strong,fixed,stiff,strong
278,"(sheer, steep) (sharp, abrupt)","(sheer, steep)","(sharp, abrupt)",cliff,rough,bluff,short,stern,bluff
279,"(fine, clear) (fair, bright)","(fine, clear)","(fair, bright)",good,sun,light,pale,thin,light
280,"(rough, coarse) (harsh, severe)","(rough, coarse)","(harsh, severe)",hard,stern,gruff,rude,low,gruff
281,"(broad, wide) (loose, large)","(broad, wide)","(loose, large)",big,vast,full,great,main,full
282,"(firm, fixed) (secure, stable)","(firm, fixed)","(secure, stable)",steady,sure,fast,tight,hard,fast
283,"(pure, mere) (simple, plain)","(pure, mere)","(simple, plain)",only,clear,bare,just,naked,bare
284,"(solid, hard) (firm, tough)","(solid, hard)","(firm, tough)",rigid,strong,stiff,fixed,thick,stiff
285,"(sheer, pure) (total, utter)","(sheer, pure)","(total, utter)",clean,mere,clear,full,just,clear
286,"(fine, thin) (small, slight)","(fine, thin)","(small, slight)",little,minor,light,weak,low,light
287,"(rough, harsh) (tough, hard)","(rough, harsh)","(tough, hard)",severe,firm,stern,sharp,cruel,stern
288,"(broad, wide) (open, frank)","(broad, wide)","(open, frank)",vast,easy,free,clear,plain,free
289,"(firm, solid) (steady, fixed)","(firm, solid)","(steady, fixed)",stable,sure,fast,tight,hard,fast
290,"(pure, clean) (trim, neat)","(pure, clean)","(trim, neat)",clear,fine,smart,good,fresh,smart
291,"(solid, sturdy) (tough, hard)","(solid, sturdy)","(tough, hard)",firm,brave,strong,fixed,stiff,strong
292,"(sheer, steep) (sharp, abrupt)","(sheer, steep)","(sharp, abrupt)",cliff,rough,bluff,short,stern,bluff
293,"(fine, clear) (fair, bright)","(fine, clear)","(fair, bright)",good,sun,light,pale,thin,light
294,"(rough, coarse) (harsh, severe)","(rough, coarse)","(harsh, severe)",hard,stern,gruff,rude,low,gruff
295,"(broad, wide) (loose, large)","(broad, wide)","(loose, large)",big,vast,full,great,main,full
296,"(firm, fixed) (secure, stable)","(firm, fixed)","(secure, stable)",steady,sure,fast,tight,hard,fast
297,"(pure, mere) (simple, plain)","(pure, mere)","(simple, plain)",only,clear,bare,just,naked,bare
298,"(solid, hard) (firm, tough)","(solid, hard)","(firm, tough)",rigid,strong,stiff,fixed,thick,stiff
299,"(sheer, pure) (total, utter)","(sheer, pure)","(total, utter)",clean,mere,clear,full,just,clear
300,"(fine, thin) (small, slight)","(fine, thin)","(small, slight)",little,minor,light,weak,low,light